person_id,人名,显示名,字或号,正式称号,分类,建议文件名
zhubiao,朱标,,,皇太子,帝王,portrait_zhubiao.png
zhugaochi,朱高炽,,,明仁宗,帝王,portrait_zhugaochi.png
zhuqizhen,朱祁镇,,,明英宗,帝王,portrait_zhuqizhen.png
zhuqiyu,朱祁钰,,,明代宗,帝王,portrait_zhuqiyu.png
zhujian,朱见深,,,明宪宗,帝王,portrait_zhujian.png
zhuyoutang,朱祐樘,,,明孝宗,帝王,portrait_zhuyoutang.png
zhuhouzhao,朱厚照,,,明武宗,帝王,portrait_zhuhouzhao.png
zhuhoucong,朱厚熜,,,明世宗,帝王,portrait_zhuhoucong.png
zhuzaiji,朱载基,,,皇太子,帝王,portrait_zhuzaiji.png
zhuzaihe,朱载壑,,,皇太子,帝王,portrait_zhuzaihe.png
zhuzaihou,朱载坖,,,明穆宗,帝王,portrait_zhuzaihou.png
zhuyijun,朱翊钧,,万历,明神宗,帝王,portrait_zhuyijun.png
zhuchangluo,朱常洛,,,明光宗,帝王,portrait_zhuchangluo.png
zhuyujian,朱聿键,,长寿(小字),隆武帝,帝王,portrait_zhuyujian.png
zhuyouxiao,朱由校,,,明熹宗,帝王,portrait_zhuyouxiao.png
zhuyuyu,朱聿鐭,,,绍武帝,帝王,portrait_zhuyuyu.png
zhuyousong,朱由崧,,福八(小字),弘光帝,帝王,portrait_zhuyousong.png
zhuchangfang,朱常淓,,敬一,潞王监国,帝王,portrait_zhuchangfang.png
zhuyoujian,朱由检,,,明思宗,帝王,portrait_zhuyoujian.png
zhuyihai,朱以海,,巨川,鲁王监国,帝王,portrait_zhuyihai.png
zhuyoulang,朱由榔,,,永历帝,帝王,portrait_zhuyoulang.png
zhucilang,朱慈烺,,,皇太子,帝王,portrait_zhucilang.png
zhusheng,朱升,,允升,翰林学士,名臣名将,portrait_zhusheng.png
wangkekuan,汪克宽,,,中举人,名臣名将,portrait_wangkekuan.png
chenwenhui,陈汶辉,,耿光,大理寺少卿,名臣名将,portrait_chenwenhui.png
songlian,宋濂,,景濂,翰林学士,名臣名将,portrait_songlian.png
yuankai,袁凯,,字景文,监察御史,名臣名将,portrait_yuankai.png
liusanwu,刘三吾,,三吾,晋世子,名臣名将,portrait_liusanwu.png
kangmaocai,康茂才,,寿卿,蕲国公,名臣名将,portrait_kangmaocai.png
zhuyou,朱右,,,员外郎,名臣名将,portrait_zhuyou.png
lishanchang,李善长,,百室,韩国公,名臣名将,portrait_lishanchang.png
lanren,蓝仁,,,武夷书院山长,名臣名将,portrait_lanren.png
liaoyongan,廖永安,,彦敬,武闵,名臣名将,portrait_liaoyongan.png
chenyouliang,陈友谅,,,安南国王,名臣名将,portrait_chenyouliang.png
yangxian,杨宪,,希武,中书左丞,名臣名将,portrait_yangxian.png
guiyanliang,桂彦良,,德偁,晋王府左长史,名臣名将,portrait_guiyanliang.png
taozongyi,陶宗仪,,,举进士,名臣名将,portrait_taozongyi.png
wuliang,吴良,,,江阴侯,名臣名将,portrait_wuliang.png
liaoyongzhong,廖永忠,,,德庆侯,名臣名将,portrait_liaoyongzhong.png
fuyoude,傅友德,,惟学,颍川侯,名臣名将,portrait_fuyoude.png
zhaodesheng,赵德胜,,,武桓,名臣名将,portrait_zhaodesheng.png
yangji,杨基,,孟载,诗人,名臣名将,portrait_yangji.png
tanghe,汤和,,鼎臣,信国公,名臣名将,portrait_tanghe.png
feiju,费聚,,子英,平凉侯,名臣名将,portrait_feiju.png
menkexin,门克新,,,礼部尚书,名臣名将,portrait_menkexin.png
dingdexing,丁德兴,,,济国公,名臣名将,portrait_dingdexing.png
zhangyining,张以宁,,,中进士,名臣名将,portrait_zhangyining.png
yutonghai,俞通海,,碧泉,豫国公,名臣名将,portrait_yutonghai.png
changyuchun,常遇春,,,鄂国公,名臣名将,portrait_changyuchun.png
xuexian,薛显,,,行省右丞,名臣名将,portrait_xuexian.png
zhangdesheng,张德胜,,仁辅(一字仁甫),蔡国公,名臣名将,portrait_zhangdesheng.png
huayunlong,华云龙,,,淮安侯,名臣名将,portrait_huayunlong.png
chenheng,陈亨,,,泾国公,名臣名将,portrait_chenheng.png
zhengyuchun,郑遇春,,,荥阳侯,名臣名将,portrait_zhengyuchun.png
gushi,顾时,,时举,济宁侯,名臣名将,portrait_gushi.png
wubozong,吴伯宗,,伯宗,武英殿大学士,名臣名将,portrait_wubozong.png
sunfen,孙蕡,,,诗人,名臣名将,portrait_sunfen.png
gengbingwen,耿炳文,,,长兴侯,名臣名将,portrait_gengbingwen.png
tangshengzong,唐胜宗,,克家,延安侯,名臣名将,portrait_tangshengzong.png
kongxixue,孔希学,,,衍圣公,名臣名将,portrait_kongxixue.png
guoying,郭英,,,武定侯,名臣名将,portrait_guoying.png
luzhongheng,陆仲亨,,,吉安侯,名臣名将,portrait_luzhongheng.png
gaoqi,高启,,季迪,诗人,名臣名将,portrait_gaoqi.png
dengyu,邓愈,,伯颜,卫国公,名臣名将,portrait_dengyu.png
ningzheng,宁正,,正卿,平羌将军,名臣名将,portrait_ningzheng.png
sunyan-2,孙岩,,,应城伯,名臣名将,portrait_sunyan_2.png
liwenzhong,李文忠,,,曹国公,名臣名将,portrait_liwenzhong.png
xiecheng,谢成,,,永平侯,名臣名将,portrait_xiecheng.png
qiufu,丘福,,,淇国公,名臣名将,portrait_qiufu.png
zhushan,朱善,,,文渊阁大学士,名臣名将,portrait_zhushan.png
weisu,危素,,,礼部尚书,名臣名将,portrait_weisu.png
zhangyu,张玉,,世美,忠显,名臣名将,portrait_zhangyu.png
yanzhenzhi,严震直,,震直,右都御史,名臣名将,portrait_yanzhenzhi.png
yechen,叶琛,,,南阳郡侯,名臣名将,portrait_yechen.png
mengshan,孟善,,,忠勇,名臣名将,portrait_mengshan.png
muying,沐英,,,西平侯,名臣名将,portrait_muying.png
huozhen,火真,,,同安侯,名臣名将,portrait_huozhen.png
zhumengyan,朱梦炎,,,礼部尚书,名臣名将,portrait_zhumengyan.png
qianzai,钱宰,,,兵部尚书唐铎推荐钱宰及致仕编修,名臣名将,portrait_qianzai.png
luju,陆聚,,,河南侯,名臣名将,portrait_luju.png
pantingjian,潘庭坚,,,帅府教授,名臣名将,portrait_pantingjian.png
xiaoshou,萧授,,安民,左都督,名臣名将,portrait_xiaoshou.png
zhengheng,郑亨,,,武安侯,名臣名将,portrait_zhengheng.png
fangxiaoru,方孝孺,,希直,翰林侍讲,名臣名将,portrait_fangxiaoru.png
zhangyi,章溢,,,御史,名臣名将,portrait_zhangyi.png
ruchang,茹瑺,,良玉,吏部尚书,名臣名将,portrait_ruchang.png
huayun,花云,,,这个黑将军,名臣名将,portrait_huayun.png
huyan,胡俨,,若思,副都御史,名臣名将,portrait_huyan.png
guozi,郭资,,存性,都察院左佥都御史,名臣名将,portrait_guozi.png
jinxuan,金铉,,,广州府推官,名臣名将,portrait_jinxuan.png
wangfu,王绂,,,中书舍人,名臣名将,portrait_wangfu.png
huangfu,黄福,,如锡,少保兼户部尚书,名臣名将,portrait_huangfu.png
yangshiqi,杨士奇,,,内阁首辅,名臣名将,portrait_yangshiqi.png
jianyi,蹇义,,宜之,吏部尚书,名臣名将,portrait_jianyi.png
weiguan,魏观,,,苏州府知府,名臣名将,portrait_weiguan.png
huangguan,黄观,,澜伯、尚宾,洪武十七年应天乡试举人,名臣名将,portrait_huangguan.png
shikui,师逵,,九达,户部尚书,名臣名将,portrait_shikui.png
chenxuan,陈瑄,,彦纯,平江伯,名臣名将,portrait_chenxuan.png
xiayuanji,夏原吉,,维喆,户部尚书,名臣名将,portrait_xiayuanji.png
tiexuan,铁铉,,,忠襄,名臣名将,portrait_tiexuan.png
huangzongzai,黄宗载,,原夫,南京吏部尚书,名臣名将,portrait_huangzongzai.png
huanghuai,黄淮,,宗豫,内阁大学士,名臣名将,portrait_huanghuai.png
dingyu,丁玉,,,御史,名臣名将,portrait_dingyu.png
leshaofeng,乐韶凤,,,兵部尚书,名臣名将,portrait_leshaofeng.png
choucheng,仇成,,,统军大元帅,名臣名将,portrait_choucheng.png
yizhi,仪智,,,礼部尚书,名臣名将,portrait_yizhi.png
renang,任昂,,,大学士,名臣名将,portrait_renang.png
hewenhui,何文辉,,,征南副将军,名臣名将,portrait_hewenhui.png
hezhen,何真,,,东莞伯,名臣名将,portrait_hezhen.png
hefu,何福,,,都督,名臣名将,portrait_hefu.png
fengsheng,冯胜,,,宋国公,名臣名将,portrait_fengsheng.png
liushihuan,刘仕貆,,,广东按察司佥事,名臣名将,portrait_liushihuan.png
liuzhongzhi,刘仲质,,,礼部尚书,名臣名将,portrait_liuzhongzhi.png
liujun,刘俊,,,直隶华亭县知县,名臣名将,portrait_liujun.png
liuweiqian,刘惟谦,,,刑部尚书,名臣名将,portrait_liuweiqian.png
liuchun,刘淳,,,顺八年甲申科第三甲第九十八名进士,名臣名将,portrait_liuchun.png
huagao,华高,,,广德侯,名臣名将,portrait_huagao.png
dananren,单安仁,,,按察使,名臣名将,portrait_dananren.png
yeboju,叶伯巨,,居升,山西平遥儒学训导,名臣名将,portrait_yeboju.png
yewang,叶旺,,,当初辽阳行省参政,名臣名将,portrait_yewang.png
wutingju,吴廷举,,献臣,南京工部尚书,名臣名将,portrait_wutingju.png
zhoudexing,周德兴,,,江夏侯,名臣名将,portrait_zhoudexing.png
zhouxin,周新,,,监察御史,名臣名将,portrait_zhouxin.png
zhoushixiu,周是修,,,霍邱训导,名臣名将,portrait_zhoushixiu.png
zhouzhen-2,周浈,,,亦至刑部尚书,名臣名将,portrait_zhouzhen_2.png
zhouzhen,周祯,,,御史,名臣名将,portrait_zhouzhen.png
tangtai,唐泰,,,士,名臣名将,portrait_tangtai.png
tangsu,唐肃,,,嘉兴儒学学正,名臣名将,portrait_tangsu.png
xiayu,夏煜,,,中书省博士,名臣名将,portrait_xiayu.png
yaoshan,姚善,,,重庆知府,名臣名将,portrait_yaoshan.png
kongkeren,孔克仁,,,江州知州,名臣名将,portrait_kongkeren.png
sunxingzu,孙兴祖,,,燕山侯,名臣名将,portrait_sunxingzu.png
songke,宋克,,,凤翔府同知,名臣名将,portrait_songke.png
songcheng,宋晟,,,西宁侯,名臣名将,portrait_songcheng.png
songli,宋礼,,,工部尚书,名臣名将,portrait_songli.png
changsheng,常升,,,开平王,名臣名将,portrait_changsheng.png
zhuangde,庄得,,,南军都指挥,名臣名将,portrait_zhuangde.png
zhangbing,张昺,,,工部右侍郎,名臣名将,portrait_zhangbing.png
zhangben,张本,,,南京兵部尚书,名臣名将,portrait_zhangben.png
zhangchou,张筹,,,礼部尚书,名臣名将,portrait_zhangchou.png
zhangmeihe,张美和,,,翰林院编修,名臣名将,portrait_zhangmeihe.png
zhangne,张讷,,敏行,翰林院检讨,名臣名将,portrait_zhangne.png
zhanghe,张赫,,,航海侯,名臣名将,portrait_zhanghe.png
zhangquan,张铨,,,都督,名臣名将,portrait_zhangquan.png
zhangqi,张麒,,,河南承宣布政使,名臣名将,portrait_zhangqi.png
zhanglong,张龙,,,凤翔侯,名臣名将,portrait_zhanglong.png
zhangdan,张𬘘,,,吏部尚书,名臣名将,portrait_zhangdan.png
xuyikui,徐一夔,,,杭州府学教授,名臣名将,portrait_xuyikui.png
xusima,徐司马,,从政,都指挥使,名臣名将,portrait_xusima.png
xushanshu,徐善述,,,桂阳州学正,名臣名将,portrait_xushanshu.png
xuli,徐理,,,武康伯,名臣名将,portrait_xuli.png
daideyi,戴德彝,,,监察御史,名臣名将,portrait_daideyi.png
fangkuan,房宽,,,都督,名臣名将,portrait_fangkuan.png
fangkeqin,方克勤,,,济宁府知府,名臣名将,portrait_fangkeqin.png
fangzheng-2,方征,,,监察御史,名臣名将,portrait_fangzheng_2.png
shili,施礼,,仲节,淮安府知府,名臣名将,portrait_shili.png
jingqing,景清,,,御史,名臣名将,portrait_jingqing.png
baozhao,暴昭,,,刑部右侍郎,名臣名将,portrait_baozhao.png
caoxing,曹兴,,,怀远侯,名臣名将,portrait_caoxing.png
caoliangchen,曹良臣,,,忠壮,名臣名将,portrait_caoliangchen.png
caozhen,曹震,,,职指挥使,名臣名将,portrait_caozhen.png
cengbingzheng,曾秉正,,,通政使,名臣名将,portrait_cengbingzheng.png
zhuliangzu,朱亮祖,,,永嘉侯,名臣名将,portrait_zhuliangzu.png
zhushou,朱寿,,,舳舻侯,名臣名将,portrait_zhushou.png
zhurong,朱荣,,,武进伯,名臣名将,portrait_zhurong.png
liyuanming,李原名,,资善,礼部尚书,名臣名将,portrait_liyuanming.png
lishuzheng,李叔正,,,礼部尚书,名臣名将,portrait_lishuzheng.png
lixiyan,李希颜,,,左春坊右赞善,名臣名将,portrait_lixiyan.png
liqing,李庆,,,兵部尚书,名臣名将,portrait_liqing.png
liji,李骥,,,东安县知县,名臣名将,portrait_liji.png
duyin,杜寅,,,歧宁卫知事,名臣名将,portrait_duyin.png
yangzhuo,杨卓,,,广东行省员外郎,名臣名将,portrait_yangzhuo.png
yangsiyi,杨思义,,,户部尚书,名臣名将,portrait_yangsiyi.png
yangshi,杨氏,,,杨贵妃,名臣名将,portrait_yangshi.png
yangjing-2,杨璟,,,璟营阳侯,名臣名将,portrait_yangjing_2.png
linhong,林鸿,,,诗人,名臣名将,portrait_linhong.png
sangshijie,桑世杰,,,徽先伯,名臣名将,portrait_sangshijie.png
liangqian,梁潜,,,阳春知县,名臣名将,portrait_liangqian.png
liangming,梁铭,,,河南承宣布政使,名臣名将,portrait_liangming.png
meisizu,梅思祖,,,汝南侯,名臣名将,portrait_meisizu.png
meiyin,梅殷,,伯殷,荣国公,名臣名将,portrait_meiyin.png
chuzhi,楚智,,,都指挥使,名臣名将,portrait_chuzhi.png
maozhong,毛忠,,,陕西行都指挥使,名臣名将,portrait_maozhong.png
tangzong,汤宗,,,苏州知府,名臣名将,portrait_tangzong.png
wangguangyang,汪广洋,,朝宗,忠勤伯,名臣名将,portrait_wangguangyang.png
shendu,沈度,,,书法家,名臣名将,portrait_shendu.png
musheng,沐晟,,,西平侯,名臣名将,portrait_musheng.png
puying,濮英,,,金山侯,名臣名将,portrait_puying.png
jiaoli,焦礼,,,辽东都指挥使,名臣名将,portrait_jiaoli.png
niuliang,牛谅,,,礼部尚书,名臣名将,portrait_niuliang.png
wangcheng-2,王偁,,,作家,名臣名将,portrait_wangcheng_2.png
wanglv,王履,,,秦王府医正,名臣名将,portrait_wanglv.png
wangcheng,王澄,,,广东番禺县知县,名臣名将,portrait_wangcheng.png
wangjin-2,王琎,,,宁波知府,名臣名将,portrait_wangjin_2.png
wangsheng,王省,,,浮梁教谕,名臣名将,portrait_wangsheng.png
wanggang,王纲,,,御史,名臣名将,portrait_wanggang.png
wangcong,王聪,,,武城侯,名臣名将,portrait_wangcong.png
wangliang,王良,,,刑部左侍郎,名臣名将,portrait_wangliang.png
wangxing,王行,,,文学家,名臣名将,portrait_wangxing.png
wangdun,王钝,,,户部尚书,名臣名将,portrait_wangdun.png
wangming,王铭,,,都督,名臣名将,portrait_wangming.png
chengxu,程徐,,,兵部尚书,名臣名将,portrait_chengxu.png
chengbenli,程本立,,,大学士,名臣名将,portrait_chengbenli.png
chengji,程济,,,岳池教谕,名臣名将,portrait_chengji.png
daluyuquan,答禄与权,,,御史,名臣名将,portrait_daluyuquan.png
lianzining,练子宁,,,兵部尚书,名臣名将,portrait_lianzining.png
liangang,练纲,,,尚书,名臣名将,portrait_liangang.png
luofuren,罗复仁,,,大学士,名臣名将,portrait_luofuren.png
gengtong,耿通,,,工部尚书,名臣名将,portrait_gengtong.png
huguang,胡广,,,内阁首辅,名臣名将,portrait_huguang.png
humei,胡美,,,豫章侯,名臣名将,portrait_humei.png
hurong,胡荣,,,士,名臣名将,portrait_hurong.png
hurun,胡闰,,,大理寺少卿,名臣名将,portrait_hurun.png
fanchang,范常,,,太常寺卿,名臣名将,portrait_fanchang.png
fanmin,范敏,,,试户部尚书,名臣名将,portrait_fanmin.png
maodafang,茅大芳,,,副都御史,名臣名将,portrait_maodafang.png
rutaisu,茹太素,,,监察御史,名臣名将,portrait_rutaisu.png
xiaoqi,萧岐,,,尚书,名臣名将,portrait_xiaoqi.png
dongzizhuang,董子庄,,,茂名县知县,名臣名将,portrait_dongzizhuang.png
jianghuan,蒋瓛,,,锦衣卫指挥,名臣名将,portrait_jianghuan.png
caiqian,蔡迁,,,广西行省参政,名臣名将,portrait_caiqian.png
xuexuan,薛瑄,,,礼部侍郎,名臣名将,portrait_xuexuan.png
xuexiang,薛祥,,,工部尚书,名臣名将,portrait_xuexiang.png
zhantong,詹同,,,郴州学正,名臣名将,portrait_zhantong.png
tanguang,谭广,,,永宁伯,名臣名将,portrait_tanguang.png
feizhen,费震,,,户部尚书,名臣名将,portrait_feizhen.png
zhaochu,赵俶,,,国子博士,名臣名将,portrait_zhaochu.png
zhaogong,赵羾,,,礼部尚书,名臣名将,portrait_zhaogong.png
yuxin,郁新,,,户部尚书,名臣名将,portrait_yuxin.png
zhengding,郑定,,,延平府训导,名臣名将,portrait_zhengding.png
guoyi,郭义,,,安阳侯,名臣名将,portrait_guoyi.png
guoyun,郭云,,,宣武将军,名臣名将,portrait_guoyun.png
guoxing,郭兴,,,功臣,名臣名将,portrait_guoxing.png
guojingxiang,郭景祥,,,大都督,名臣名将,portrait_guojingxiang.png
jinyouzi,金幼孜,,幼孜,庆府郡王,名臣名将,portrait_jinyouzi.png
jinchaoxing,金朝兴,,,沂国公,名臣名将,portrait_jinchaoxing.png
qiantang,钱唐,,,刑部尚书,名臣名将,portrait_qiantang.png
chenxiu,陈修,,,吏部尚书,名臣名将,portrait_chenxiu.png
chenze,陈则,,,大同府知府,名臣名将,portrait_chenze.png
chenning,陈宁,,,广德知府,名臣名将,portrait_chenning.png
chenzhi,陈志,,,遂安伯,名臣名将,portrait_chenzhi.png
chenguan,陈灌,,,宁国府知府,名臣名将,portrait_chenguan.png
chenying,陈瑛,,,都察院左都御史,名臣名将,portrait_chenying.png
chenmo,陈谟,,,山东乡试第二十名举人,名臣名将,portrait_chenmo.png
chenyu,陈遇,,,工部尚书,名臣名将,portrait_chenyu.png
taokai,陶凯,,,永丰教谕,名臣名将,portrait_taokai.png
taohouzhong,陶垕仲,,,监察御史,名臣名将,portrait_taohouzhong.png
hanyike,韩宜可,,,御史,名臣名将,portrait_hanyike.png
hanzheng,韩政,,,东平侯,名臣名将,portrait_hanzheng.png
gucheng,顾成,,,镇远侯,名臣名将,portrait_gucheng.png
magong,马公,,,徐王,名臣名将,portrait_magong.png
gaodounan,高斗南,,,四川定远知县,名臣名将,portrait_gaodounan.png
huangzicheng,黄子澄,,子澄,太常寺卿,名臣名将,portrait_huangzicheng.png
huangbin,黄彬,,,宜春侯,名臣名将,portrait_huangbin.png
liguang-2,黎光,,,御史,名臣名将,portrait_liguang_2.png
fushu,傅恕,,,博野知县,名臣名将,portrait_fushu.png
xuzunsheng,徐尊生,,,翰林应奉,名臣名将,portrait_xuzunsheng.png
cenglu,曾鲁,,,礼部主事,名臣名将,portrait_cenglu.png
jiexin,解缙,,大绅,翰林学士,名臣名将,portrait_jiexin.png
xiehui,谢徽,,,参与编修,名臣名将,portrait_xiehui.png
zhangxuan,张宣,,,诗人,名臣名将,portrait_zhangxuan.png
zhuneng,朱能,,,成国公,名臣名将,portrait_zhuneng.png
niexuan,聂铉,,,士,名臣名将,portrait_niexuan.png
beiqiong,贝琼,,,应召编修,名臣名将,portrait_beiqiong.png
chennanbin,陈南宾,,,蜀府长史,名臣名将,portrait_chennanbin.png
chenqia,陈洽,,叔远,节愍,名臣名将,portrait_chenqia.png
wuhong,伍洪,,,上元知县,名臣名将,portrait_wuhong.png
yangrong,杨荣,,勉仁,少师,名臣名将,portrait_yangrong.png
yangpu,杨溥,,弘济,内阁首辅,名臣名将,portrait_yangpu.png
wuzhong,吴中,,,工部尚书,名臣名将,portrait_wuzhong.png
shanyun,山云,,,忠毅,名臣名将,portrait_shanyun.png
zhangfu,张辅,,,英国公,名臣名将,portrait_zhangfu.png
xiongding,熊鼎,,,德清县丞,名臣名将,portrait_xiongding.png
huying,胡濙,,源洁,礼部尚书,名臣名将,portrait_huying.png
weiji,魏骥,,仲房,浙江承宣布政使,名臣名将,portrait_weiji.png
guzuo,顾佐,,礼卿,都察院右都御史,名臣名将,portrait_guzuo.png
wangzhi-minister,王直,,行俭,吏部尚书,名臣名将,portrait_wangzhi_minister.png
chenmao,陈懋,,舜卿,宁阳侯,名臣名将,portrait_chenmao.png
liulian,刘琏,,孟藻,江西参政,名臣名将,portrait_liulian.png
huweyong,胡惟庸,,,左丞相,名臣名将,portrait_huweyong.png
jianggui,蒋贵,,大富,武勇,名臣名将,portrait_jianggui.png
daotong,道同,,,同进士,名臣名将,portrait_daotong.png
zhouchen,周忱,,忱,巡抚,名臣名将,portrait_zhouchen.png
miaozhong,苗衷,,秉彝,兵部尚书兼翰林院学士,名臣名将,portrait_miaozhong.png
kaiji,开济,,,此事被御史,名臣名将,portrait_kaiji.png
wangyu-2,王瑜,,,辽海卫千户,名臣名将,portrait_wangyu_2.png
donglun,董伦,,,左春坊大学士,名臣名将,portrait_donglun.png
lvzhen,吕震,,,户部主事,名臣名将,portrait_lvzhen.png
wangao,王翱,,九皋,吏部尚书,名臣名将,portrait_wangao.png
hewenyuan,何文渊,,巨川,吏部尚书,名臣名将,portrait_hewenyuan.png
yangjing,杨靖,,,尚书,名臣名将,portrait_yangjing.png
kuangye,邝埜,,孟质,兵部尚书,名臣名将,portrait_kuangye.png
zhengci,郑赐,,,工部尚书,名臣名将,portrait_zhengci.png
chenxun,陈循,,德遵,华盖殿大学士,名臣名将,portrait_chenxun.png
wangshuying,王叔英,,,汉阳知县,名臣名将,portrait_wangshuying.png
chensixian,陈思贤,,,广东承宣布政使,名臣名将,portrait_chensixian.png
lizhigang,李至刚,,,大学士,名臣名将,portrait_lizhigang.png
xuelu,薛禄,,,鄞国公,名臣名将,portrait_xuelu.png
chenyi,陈镒,,有戒,监察御史,名臣名将,portrait_chenyi.png
changmao,常茂,,,郑国公,名臣名将,portrait_changmao.png
gaogu,高谷,,世用,工部尚书,名臣名将,portrait_gaogu.png
zhoujingxin,周敬心,,,太学生,名臣名将,portrait_zhoujingxin.png
jinlian,金濂,,宗瀚,沭阳伯,名臣名将,portrait_jinlian.png
liuguan,刘观,,,举人,名臣名将,portrait_liuguan.png
lanyu,蓝玉,,,凉国公,名臣名将,portrait_lanyu.png
guodun,郭敦,,,巡抚,名臣名将,portrait_guodun.png
liujichi,刘季篪,,,士,名臣名将,portrait_liujichi.png
yangdi,杨砥,,,士,名臣名将,portrait_yangdi.png
wanglai,王来,,原之,御史,名臣名将,portrait_wanglai.png
shiyunchang,石允常,,,历官河南按察使,名臣名将,portrait_shiyunchang.png
nianfu,年富,,大有,户部尚书,名臣名将,portrait_nianfu.png
yuqian-2,虞谦,,,杭州知府,名臣名将,portrait_yuqian_2.png
mayu,马愉,,性和,内阁,名臣名将,portrait_mayu.png
yushiji,俞士吉,,,朝鲜国王,名臣名将,portrait_yushiji.png
yinchanglong,尹昌隆,,,监察御史,名臣名将,portrait_yinchanglong.png
hedongru,何栋如,,,同进士,名臣名将,portrait_hedongru.png
cengfengshao,曾凤韶,,,监察御史,名臣名将,portrait_cengfengshao.png
chenxingshan,陈性善,,,行人,名臣名将,portrait_chenxingshan.png
houjin,侯琎,,廷玉,兵部尚书,名臣名将,portrait_houjin.png
mucun,沐春,,,西平侯,名臣名将,portrait_mucun.png
jinchun,金纯,,,礼部尚书,名臣名将,portrait_jinchun.png
wuyubi,吴与弼,,,中国思想家,名臣名将,portrait_wuyubi.png
xuzheng,徐政,,,副千户,名臣名将,portrait_xuzheng.png
lizengzhi,李增枝,,,前军左都督,名臣名将,portrait_lizengzhi.png
lijinglong,李景隆,,,曹国公,名臣名将,portrait_lijinglong.png
liyuan,李远,,,安平侯,名臣名将,portrait_liyuan.png
shengyong,盛庸,,,平燕将军,名臣名将,portrait_shengyong.png
quneng,瞿能,,,都指挥使,名臣名将,portrait_quneng.png
huzizhao,胡子昭,,,检讨,名臣名将,portrait_huzizhao.png
xiaoyongdao,萧用道,,,右长史,名臣名将,portrait_xiaoyongdao.png
gecheng,葛诚,,,燕王朱棣府长史,名臣名将,portrait_gecheng.png
chenyanhui,陈彦回,,,徽州知府,名臣名将,portrait_chenyanhui.png
chendi,陈迪,,,监察御史,名臣名将,portrait_chendi.png
yanbowei,颜伯玮,,,沛县知县,名臣名将,portrait_yanbowei.png
maxuan,马宣,,,北京都指挥使,名臣名将,portrait_maxuan.png
huangyanqing,黄彦清,,,并追崇刘皇后,名臣名将,portrait_huangyanqing.png
huangyue,黄钺,,,士,名臣名将,portrait_huangyue.png
qitai,齐泰,,尚礼,节愍、忠敬,名臣名将,portrait_qitai.png
fenggui,冯贵,,,士,名臣名将,portrait_fenggui.png
jiangyuan,江渊,,世用,编修,名臣名将,portrait_jiangyuan.png
liujing,刘璟,,仲璟,阁门使,名臣名将,portrait_liujing.png
xuzengshou,徐增寿,,,定国公,名臣名将,portrait_xuzengshou.png
yuanbin,袁彬,,,隰川王,名臣名将,portrait_yuanbin.png
dingxuan-3,丁铉,,,赠刑部尚书,名臣名将,portrait_dingxuan_3.png
yanben,严本,,,刑部主事,名臣名将,portrait_yanben.png
yangzhan,仰瞻,,,之后加大理寺少卿,名臣名将,portrait_yangzhan.png
renli,任礼,,尚义,河南承宣布政使,名臣名将,portrait_renli.png
houbao,侯保,,,博兴三县知县,名臣名将,portrait_houbao.png
liucai,刘才,,,广恩伯,名臣名将,portrait_liucai.png
liuzhao-2,刘昭,,,累进都督,名臣名将,portrait_liuzhao_2.png
liuxuan,刘铉,,,兵部主事,名臣名将,portrait_liuxuan.png
shizhao,史昭,,,右都督,名臣名将,portrait_shizhao.png
yehuizhong,叶惠仲,,,南昌府知府,名臣名将,portrait_yehuizhong.png
lvsheng,吕升,,,大理寺少卿,名臣名将,portrait_lvsheng.png
wuliang-2,吴亮,,,都督,名臣名将,portrait_wuliang_2.png
zhouxu,周叙,,,江西承宣布政使,名臣名将,portrait_zhouxu.png
zhouxuan-3,周玄,,,礼部员外郎,名臣名将,portrait_zhouxuan_3.png
xiashi,夏时,,,士,名臣名将,portrait_xiashi.png
sunyuanzhen,孙原贞,,原贞,兵部尚书,名臣名将,portrait_sunyuanzhen.png
sunzushou,孙祖寿,,必之,指挥使,名臣名将,portrait_sunzushou.png
wukai,巫凯,,,都督,名臣名将,portrait_wukai.png
yiqian,弋谦,,,监察御史,名臣名将,portrait_yiqian.png
zhangxin,张信,,,郧国公,名臣名将,portrait_zhangxin.png
zhangxing,张兴,,,安乡伯,名臣名将,portrait_zhangxing.png
zhangfeng,张凤,,,南京户部尚书,名臣名将,portrait_zhangfeng.png
zhangzonglian,张宗琏,,,士,名臣名将,portrait_zhangzonglian.png
zhangyi-3,张益,,,士,名臣名将,portrait_zhangyi_3.png
zhangji,张骥,,,巡抚,名臣名将,portrait_zhangji.png
pengxu,彭勖,,,监察御史,名臣名将,portrait_pengxu.png
xuxiang,徐祥,,,兴安伯,名臣名将,portrait_xuxiang.png
xuyingxu,徐膺绪,,,中军都督,名臣名将,portrait_xuyingxu.png
dailun,戴纶,,,兵部侍郎,名臣名将,portrait_dailun.png
fangsheng,房胜,,,世指挥使,名臣名将,portrait_fangsheng.png
zhuqian,朱谦,,,抚宁伯,名臣名将,portrait_zhuqian.png
quanjin,权谨,,,乐安知县,名臣名将,portrait_quanjin.png
liyi,李仪,,,尚书,名臣名将,portrait_liyi.png
liwenyu,李文郁,,,万历丁丑进士,名臣名将,portrait_liwenyu.png
yangshan,杨善,,,兴济侯,名臣名将,portrait_yangshan.png
yangzan,杨瓒,,,赵城知县,名臣名将,portrait_yangzan.png
liusheng,柳升,,子渐,征虏副将军,名臣名将,portrait_liusheng.png
duanmin,段民,,,郎中,名臣名将,portrait_duanmin.png
shengu,沈固,,,大同巡抚,名臣名将,portrait_shengu.png
xionggai,熊概,,,河南乡试第六十三名举人,名臣名将,portrait_xionggai.png
wangyonghe,王永和,,,工部右侍郎,名臣名将,portrait_wangyonghe.png
wangying,王英,,,军都督,名臣名将,portrait_wangying.png
qinpeng,琴彭,,,乂安府知府,名臣名将,portrait_qinpeng.png
shengyin,盛寅,,,医学正,名臣名将,portrait_shengyin.png
shipu,石璞,,,兵部尚书,名臣名将,portrait_shipu.png
chengtong,程通,,,长史,名臣名将,portrait_chengtong.png
zhangchang,章敞,,,郎中,名臣名将,portrait_zhangchang.png
luotong,罗通,,,监察御史,名臣名将,portrait_luotong.png
gengjiuchou,耿九畴,,,南京刑部尚书,名臣名将,portrait_gengjiuchou.png
huamao,花茂,,,都指挥使,名臣名将,portrait_huamao.png
caiyun,蔡运,,,宾州知州,名臣名将,portrait_caiyun.png
xubin,许彬,,,山东承宣布政使,名臣名将,portrait_xubin.png
feihuan,费瓛,,,平羌将军,名臣名将,portrait_feihuan.png
jialiang,贾谅,,,右副都御史,名臣名将,portrait_jialiang.png
zhaohaode,赵好德,,,吏部尚书,名臣名将,portrait_zhaohaode.png
xuanni,轩輗,,惟行,刑部尚书,名臣名将,portrait_xuanni.png
zoushiyan,邹师颜,,,尚书,名臣名将,portrait_zoushiyan.png
zouji,邹济,,,除礼部郎中,名臣名将,portrait_zouji.png
zhengchen,郑辰,,,监察御史,名臣名将,portrait_zhengchen.png
guojin,郭琎,,,吏部尚书,名臣名将,portrait_guojin.png
jinshi,金实,,,卫府左长史,名臣名将,portrait_jinshi.png
chenhuai,陈怀,,,平乡伯,名臣名将,portrait_chenhuai.png
chenxu,陈旭,,,云阳伯,名臣名将,portrait_chenxu.png
chenbenshen,陈本深,,,吉安知府,名臣名将,portrait_chenbenshen.png
chenzuo,陈祚,,,河南布政使司参议,名臣名将,portrait_chenzuo.png
chenji-2,陈继,,,翰林院检讨,名臣名将,portrait_chenji_2.png
taocheng,陶成,,,尚书,名臣名将,portrait_taocheng.png
huangrunyu,黄润玉,,,监察御史,名臣名将,portrait_huangrunyu.png
huangxuan,黄玄,,玄之,泉州训导,名臣名将,portrait_huangxuan.png
zhoushu,周述,,,让大学士,名臣名将,portrait_zhoushu.png
caonai,曹鼐,,万钟,文襄,名臣名将,portrait_caonai.png
lishimian,李时勉,,,士,名臣名将,portrait_lishimian.png
lichangqi,李昌祺,,,都御史韩雍巡抚,名臣名将,portrait_lichangqi.png
luohengxin,罗亨信,,,巡抚,名臣名将,portrait_luohengxin.png
dipufu,翟溥福,,,青阳知县,名臣名将,portrait_dipufu.png
xiaoshengshen,萧省身,,,江西承宣布政使,名臣名将,portrait_xiaoshengshen.png
beibingyi,贝秉彝,,,邵阳知县,名臣名将,portrait_beibingyi.png
chenshiqi,陈士启,,,礼部郎中,名臣名将,portrait_chenshiqi.png
chenjingzong,陈敬宗,,,刑部主事,名臣名将,portrait_chenjingzong.png
wuyuncheng,吴允诚,,,恭顺伯,名臣名将,portrait_wuyuncheng.png
kuangzhong,况钟,,,还与应天巡抚,名臣名将,portrait_kuangzhong.png
fangbin,方宾,,,兵部尚书,名臣名将,portrait_fangbin.png
wangji-2,王骥,,,兵部尚书,名臣名将,portrait_wangji_2.png
lumu,鲁穆,,,除福建道监察御史,名臣名将,portrait_lumu.png
zhouxuan,周瑄,,廷玉,南京刑部尚书,名臣名将,portrait_zhouxuan.png
xuhuizu,徐辉祖,,,魏国公,名臣名将,portrait_xuhuizu.png
chenji,陈济,,,右春坊左赞,名臣名将,portrait_chenji.png
caoduan,曹端,,,举人,名臣名将,portrait_caoduan.png
libing,李秉,,执中,吏部尚书,名臣名将,portrait_libing.png
qianxili,钱习礼,,,翰林院检讨,名臣名将,portrait_qianxili.png
chene,陈谔,,,刑科给事中,名臣名将,portrait_chene.png
shichengzu,史诚祖,,,汶上知县,名臣名将,portrait_shichengzu.png
lixian,李贤,,原德,内阁首辅,名臣名将,portrait_lixian.png
wangruyu,王汝玉,,,十七岁中浙江乡试举人,名臣名将,portrait_wangruyu.png
hezhong,何忠,,,拜监察御史,名臣名将,portrait_hezhong.png
shian,史安,,,礼部郎中,名臣名将,portrait_shian.png
zhuyuyan,朱与言,,,士,名臣名将,portrait_zhuyuyan.png
linshuo,林硕,,,辛卯乡试举人,名臣名将,portrait_linshuo.png
huangze,黄泽,,,联捷进士,名臣名将,portrait_huangze.png
linfang,蔺芳,,,吉安府知府,名臣名将,portrait_linfang.png
wanghong,王竑,,公度,兵部尚书,名臣名将,portrait_wanghong.png
shangluo,商辂,,弘载,大学士,名臣名将,portrait_shangluo.png
sunding,孙鼎,,,董南畿学政,名臣名将,portrait_sunding.png
zhengluo-2,郑珞,,,浙江宁波府知府,名臣名将,portrait_zhengluo_2.png
xuqi-2,徐琦,,,南京兵部尚书,名臣名将,portrait_xuqi_2.png
luoyili,罗以礼,,,西安府知府,名臣名将,portrait_luoyili.png
zhengweihuan,郑维桓,,,监察御史,名臣名将,portrait_zhengweihuan.png
pengshi,彭时,,字纯道(又字宏道),江西承宣布政使,名臣名将,portrait_pengshi.png
wangshu,王恕,,宗贯,中进士,名臣名将,portrait_wangshu.png
lvyuan,吕原,,逢原,文懿,名臣名将,portrait_lvyuan.png
kongyouliang,孔友谅,,,双流县知县,名臣名将,portrait_kongyouliang.png
yixian,易先,,,谅山府知府,名臣名将,portrait_yixian.png
cengquan,曾泉,,,都御史,名臣名将,portrait_cengquan.png
zhouhongmo,周洪谟,,,礼部尚书,名臣名将,portrait_zhouhongmo.png
wanguan,万观,,,浙江严州府知府,名臣名将,portrait_wanguan.png
liuqiu,刘球,,,江西承宣布政使,名臣名将,portrait_liuqiu.png
zouji-2,邹缉,,,星子教谕,名臣名将,portrait_zouji_2.png
xiangzhong,项忠,,荩臣,兵部尚书,名臣名将,portrait_xiangzhong.png
hanyong,韩雍,,永熙,都御史,名臣名将,portrait_hanyong.png
keqian,柯潜,,,尚宝少卿,名臣名将,portrait_keqian.png
jiangxin,蒋信,,,忠勇伯,名臣名将,portrait_jiangxin.png
lichun,黎淳,,,南京礼部尚书,名臣名将,portrait_lichun.png
jiaquan,贾铨,,,大理府知府,名臣名将,portrait_jiaquan.png
dengqi,邓棨,,,右副都御史,名臣名将,portrait_dengqi.png
gongquanan,龚全安,,,士,名臣名将,portrait_gongquanan.png
wune,吴讷,,,江南巡抚,名臣名将,portrait_wune.png
cuiju,崔聚,,,左军都督,名臣名将,portrait_cuiju.png
guodeng,郭登,,,定襄伯,名臣名将,portrait_guodeng.png
jinzhong,金忠,,,之后拜右长史,名臣名将,portrait_jinzhong.png
liushi,刘实,,,南雄府知府,名臣名将,portrait_liushi.png
songzihuan,宋子环,,,梁府右长史,名臣名将,portrait_songzihuan.png
xuyouzhen,徐有贞,,,武功伯,名臣名将,portrait_xuyouzhen.png
liren,李任,,,浙江承宣布政使,名臣名将,portrait_liren.png
litang,李棠,,,刑部尚书,名臣名将,portrait_litang.png
yangxinmin,杨信民,,,工科给事中,名臣名将,portrait_yangxinmin.png
yangning,杨宁,,,江西巡抚,名臣名将,portrait_yangning.png
yanghong,杨洪,,,昌平伯,名臣名将,portrait_yanghong.png
wangyue,王越,,,威宁伯,名臣名将,portrait_wangyue.png
qinhong,秦纮,,世缨,户部尚书,名臣名将,portrait_qinhong.png
huhai,胡海,,,功臣,名臣名将,portrait_huhai.png
saqi,萨琦,,,士,名臣名将,portrait_saqi.png
zhongtong,钟同,,,监察御史,名臣名将,portrait_zhongtong.png
chenmin,陈敏,,,四川茂州知州,名臣名将,portrait_chenmin.png
mawensheng,马文升,,负图,吏部尚书,名臣名将,portrait_mawensheng.png
heqiaoxin,何乔新,,廷秀,文肃,名臣名将,portrait_heqiaoxin.png
chenjian,陈鉴,,,监察御史,名臣名将,portrait_chenjian.png
majin,马谨,,,巡抚,名臣名将,portrait_majin.png
xupu,徐溥,,,文渊阁大学士,名臣名将,portrait_xupu.png
tengding,滕定,,,奉化伯,名臣名将,portrait_tengding.png
yushan,俞山,,,浙江承宣布政使,名臣名将,portrait_yushan.png
yexi,叶锡,,,吴县知县,名臣名将,portrait_yexi.png
wuning,吴宁,,,同进士,名臣名将,portrait_wuning.png
liaozhuang,廖庄,,,南京大理寺少卿,名臣名将,portrait_liaozhuang.png
pengshao,彭韶,,凤仪,刑部尚书,名臣名将,portrait_pengshao.png
luoqi,罗绮,,,左副都御史,名臣名将,portrait_luoqi.png
zhaoyu,赵豫,,,兵部员外郎,名臣名将,portrait_zhaoyu.png
mingui,闵珪,,朝瑛(亦有作“朝英”“朝琰”),庄懿,名臣名将,portrait_mingui.png
liujian,刘健,,希贤,内阁首辅,名臣名将,portrait_liujian.png
cenghui,曾翚,,,刑部员外郎,名臣名将,portrait_cenghui.png
zhuyuan,竺渊,,,福建布政使,名臣名将,portrait_zhuyuan.png
wulin,吴琳,,,兵部尚书,名臣名将,portrait_wulin.png
heyong,和勇,,,左都督,名臣名将,portrait_heyong.png
wukuan,吴宽,,,太子太保谥文定吴公,名臣名将,portrait_wukuan.png
zhangtai,张泰,,叔亨,文学家,名臣名将,portrait_zhangtai.png
baiang,白昂,,廷仪,都御史,名臣名将,portrait_baiang.png
niedanian,聂大年,,,县儒学教谕,名臣名将,portrait_niedanian.png
huangzhongzhao,黄仲昭,,,士,名臣名将,portrait_huangzhongzhao.png
dingxuan-2,丁瑄,,,佥都御史,名臣名将,portrait_dingxuan_2.png
wanan,万安,,,吏部尚书,名臣名将,portrait_wanan.png
hehong,何洪,,,四川巡抚,名臣名将,portrait_hehong.png
nijing,倪敬,,,诏令都御史,名臣名将,portrait_nijing.png
liuzhongfu,刘中敷,,,工部员外郎,名臣名将,portrait_liuzhongfu.png
liudingzhi,刘定之,,,礼部左侍郎,名臣名将,portrait_liudingzhi.png
yesheng2,叶盛,,与中,两广巡抚,名臣名将,portrait_yesheng2.png
simaxun,司马恂,,,浙江承宣布政使,名臣名将,portrait_simaxun.png
wushen-2,吾绅,,,浙江承宣布政使,名臣名将,portrait_wushen_2.png
xiayin,夏寅,,,郎中,名臣名将,portrait_xiayin.png
xiashizheng,夏时正,,季爵、尚一,南京大理寺卿,名臣名将,portrait_xiashizheng.png
sunzhong,孙忠,,,山东承宣布政使,名臣名将,portrait_sunzhong.png
yuezheng,岳正,,,兴化府知府,名臣名将,portrait_yuezheng.png
cuigong,崔恭,,,吏部尚书,名臣名将,portrait_cuigong.png
zhangxuan-3,张瑄,,,士,名臣名将,portrait_zhangxuan_3.png
zhangzan,张瓒,,,调宁波府知府,名臣名将,portrait_zhangzan.png
caojixiang,曹吉祥,,,昭武伯,名臣名将,portrait_caojixiang.png
lida,李达,,,都指挥使,名臣名将,portrait_lida.png
lizhen-2,李震,,,士,名臣名将,portrait_lizhen_2.png
yangzhu,杨翥,,,礼部尚书,名臣名将,portrait_yangzhu.png
yangding,杨鼎,,,辛丑科进士,名臣名将,portrait_yangding.png
mubin,沐斌,,,黔国公,名臣名将,portrait_mubin.png
wangyu-3,王宇,,,宣府巡抚,名臣名将,portrait_wangyu_3.png
baigui,白圭,,,兵部尚书,名臣名将,portrait_baigui.png
zhanglun-2,章纶,,,礼部郎中,名臣名将,portrait_zhanglun_2.png
hugongchen,胡拱辰,,,总督,名臣名将,portrait_hugongchen.png
moyu,莫愚,,,巡抚,名臣名将,portrait_moyu.png
dongxing,董兴,,,海宁伯,名臣名将,portrait_dongxing.png
zhaosheng,赵胜,,,昌宁侯,名臣名将,portrait_zhaosheng.png
zhaorong,赵荣,,,大理右少卿,名臣名将,portrait_zhaorong.png
menda,门达,,,千户,名臣名将,portrait_menda.png
chenjun,陈俊,,,福建等处承宣布政使,名臣名将,portrait_chenjun.png
chenwen,陈文,,,东海侯,名臣名将,portrait_chenwen.png
chentai,陈泰,,,都察院右副都御史,名臣名将,portrait_chentai.png
chenxianzhang,陈献章,,,翰林院检讨,名臣名将,portrait_chenxianzhang.png
leifu,雷复,,,巡抚,名臣名将,portrait_leifu.png
lujian,鲁鉴,,,署都督,名臣名将,portrait_lujian.png
liudaxia,刘大夏,,时雍,太保,名臣名将,portrait_liudaxia.png
yaokui,姚夔,,,吏部尚书,名臣名将,portrait_yaokui.png
shangchi,尚褫,,,礼部尚书,名臣名将,portrait_shangchi.png
zhangfuhua,张敷华,,公实,都察院左都御史,名臣名将,portrait_zhangfuhua.png
lincong,林聪,,,刑部尚书,名臣名将,portrait_lincong.png
zhoujing,周经,,伯常,户部尚书,名臣名将,portrait_zhoujing.png
tuyong,屠滽,,朝宗,襄惠,名臣名将,portrait_tuyong.png
wangjin,王卺,,,工部尚书,名臣名将,portrait_wangjin.png
hejian,何鉴,,世光,浙江承宣布政使,名臣名将,portrait_hejian.png
zuoding,左鼎,,,吏部尚书,名臣名将,portrait_zuoding.png
chengxin,程信,,,南京兵部尚书兼大理寺卿,名臣名将,portrait_chengxin.png
hanbangwen,韩邦问,,大经,庄僖,名臣名将,portrait_hanbangwen.png
niyue,倪岳,,舜咨,登进士,名臣名将,portrait_niyue.png
yuanjie,原杰,,,太子少保原襄敏公,名臣名将,portrait_yuanjie.png
caokai,曹凯,,,中进士,名臣名将,portrait_caokai.png
chengminzheng,程敏政,,,南京兵部尚书,名臣名将,portrait_chengminzheng.png
xushida,许仕达,,,监察御史,名臣名将,portrait_xushida.png
huanggao,黄镐,,,福建承宣布政使,名臣名将,portrait_huanggao.png
mazhongxi,马中锡,,天禄,大同巡抚,名臣名将,portrait_mazhongxi.png
liudongyang,李东阳,,宾之,内阁首辅,名臣名将,portrait_liudongyang.png
huoxuan,霍瑄,,,大同通判,名臣名将,portrait_huoxuan.png
huangfu-2,黄绂,,,巡抚,名臣名将,portrait_huangfu_2.png
liuji,刘吉,,,编修,名臣名将,portrait_liuji_2.png
liuxu,刘珝,,,太保,名臣名将,portrait_liuxu.png
panrong,潘荣,,,福建承宣布政使,名臣名将,portrait_panrong.png
xingrang,邢让,,,同进士,名臣名将,portrait_xingrang.png
xieqian,谢迁,,于乔,内阁大学士,名臣名将,portrait_xieqian.png
wuji,伍骥,,,江西承宣布政使,名臣名将,portrait_wuji.png
yuzijun,余子俊,,,兵部尚书,名臣名将,portrait_yuzijun.png
xiaxun,夏埙,,,巡抚,名臣名将,portrait_xiaxun.png
kangyongshao,康永韶,,,弹劾尚书,名臣名将,portrait_kangyongshao.png
limin,李敏,,,工部尚书,名臣名将,portrait_limin.png
liyu,李裕,,,吏部尚书,名臣名将,portrait_liyu.png
yangshouchen,杨守陈,,,赠礼部尚书,名臣名将,portrait_yangshouchen.png
linjin,林锦,,,巡抚,名臣名将,portrait_linjin.png
wangao2,王鏊,,济之,户部尚书,名臣名将,portrait_wangao2.png
liaorang,聊让,,,知县,名臣名将,portrait_liaorang.png
dengtingzan,邓廷瓒,,宗器,都察院左都御史,名臣名将,portrait_dengtingzan.png
guoxun,郭循,,,郎中,名臣名将,portrait_guoxun.png
ruanqin,阮勤,,,交阯承宣布政使,名臣名将,portrait_ruanqin.png
line,林鹗,,,浙江承宣布政使,名臣名将,portrait_line.png
liangchu,梁储,,藏用、叔厚,镇国公,名臣名将,portrait_liangchu.png
moufeng,牟俸,,,监察御史,名臣名将,portrait_moufeng.png
shengyong-2,盛颙,,,山东巡抚,名臣名将,portrait_shengyong_2.png
louliang,娄谅,,,娄妃,名臣名将,portrait_louliang.png
liupu,刘溥,,,士,名臣名将,portrait_liupu.png
zhouying,周瑛,,,衡州府知府,名臣名将,portrait_zhouying.png
konggongxun,孔公恂,,,衍圣公,名臣名将,portrait_konggongxun.png
kongyong,孔镛,,,江西都昌县知县,名臣名将,portrait_kongyong.png
sunjiao,孙交,,志同,户部尚书,名臣名将,portrait_sunjiao.png
yinzhi,尹直,,,兵部尚书,名臣名将,portrait_yinzhi.png
zhangcai,张彩,,尚质,尚书,名臣名将,portrait_zhangcai.png
pengyi,彭谊,,,下绍兴府知府,名臣名将,portrait_pengyi.png
yangyiqing,杨一清,,应宁,内阁首辅,名臣名将,portrait_yangyiqing.png
yangxuan,杨瑄,,,监察御史,名臣名将,portrait_yangxuan.png
duanjian,段坚,,,莱州府知府,名臣名将,portrait_duanjian.png
maoji-2,毛吉,,,同进士,名臣名将,portrait_maoji_2.png
gengyu,耿裕,,,中进士,名臣名将,portrait_gengyu.png
hufu,胡富,,永年,南京户部尚书,名臣名将,portrait_hufu.png
xieshiyuan,谢士元,,,建昌府知府,名臣名将,portrait_xieshiyuan.png
liuyu,刘玉,,,河南承宣布政使,名臣名将,portrait_liuyu.png
yezhen,叶祯,,,庆远知县,名臣名将,portrait_yezhen.png
zhangyue,张悦,,,左佥都御史,名臣名将,portrait_zhangyue.png
xuguan,徐贯,,原一,工部尚书,名臣名将,portrait_xuguan.png
cengjian,曾鉴,,,工部尚书,名臣名将,portrait_cengjian.png
maohong,毛弘,,,同进士,名臣名将,portrait_maohong.png
jiaofang,焦芳,,,华盖殿大学士,名臣名将,portrait_jiaofang.png
wangderen,王得仁,,得仁,汀州府推官,名臣名将,portrait_wangderen.png
wanghui,王徽,,,吏部尚书,名臣名将,portrait_wanghui.png
wangyuan-3,王渊,,,同进士,名臣名将,portrait_wangyuan_3.png
wangzhao,王诏,,,士,名臣名将,portrait_wangzhao.png
wangshi,王轼,,,贵州巡抚,名臣名将,portrait_wangshi.png
shenying,神英,,,泾阳伯,名臣名将,portrait_shenying.png
jiajun,贾俊,,,工部尚书,名臣名将,portrait_jiajun.png
zhaofu,赵辅,,,武靖伯,名臣名将,portrait_zhaofu.png
taoan,陶安,,,姑孰郡公,名臣名将,portrait_taoan.png
weiyuan,魏元,,,山东承宣布政使,名臣名将,portrait_weiyuan.png
yangtinghe,杨廷和,,介夫,内阁首辅,名臣名将,portrait_yangtinghe.png
wangqiong,王琼,,德华,兵部尚书,名臣名将,portrait_wangqiong.png
wanghongru,王鸿儒,,懋学,南京户部尚书,名臣名将,portrait_wanghongru.png
zhangyuanzhen,张元祯,,,巡抚,名臣名将,portrait_zhangyuanzhen.png
maocheng,毛澄,,宪清,礼部尚书,名臣名将,portrait_maocheng.png
shiheng,石亨,,,忠国公,名臣名将,portrait_shiheng.png
chenxuan-2,陈选,,,广东左布政使,名臣名将,portrait_chenxuan_2.png
huangkongzhao,黄孔昭,,,之后进都水员外郎,名臣名将,portrait_huangkongzhao.png
xishu,席书,,文同,工部尚书,名臣名将,portrait_xishu.png
zhuyunming,祝允明,,希哲,作家,名臣名将,portrait_zhuyunming.png
maoji,毛纪,,维之,礼部尚书,名臣名将,portrait_maoji.png
jiangmian,蒋冕,,敬之,内阁首辅,名臣名将,portrait_jiangmian.png
fuhan,傅瀚,,,礼部尚书,名臣名将,portrait_fuhan.png
daishan,戴珊,,,右副都御史,名臣名将,portrait_daishan.png
liangjing,梁璟,,,山西承宣布政使,名臣名将,portrait_liangjing.png
fanying,樊莹,,,南京刑部尚书,名臣名将,portrait_fanying.png
shibao,石珤,,邦彦,吏部尚书兼文渊阁大学士,名臣名将,portrait_shibao.png
luojing,罗璟,,,翰林院编修,名臣名将,portrait_luojing.png
xieduo,谢铎,,,文学家,名臣名将,portrait_xieduo.png
chenzhuang,陈壮,,,尚书,名臣名将,portrait_chenzhuang.png
chenyin,陈音,,,太常寺卿,名臣名将,portrait_chenyin.png
dingji,丁积,,,广东新会县知县,名臣名将,portrait_dingji.png
liubing,刘丙,,,湖广巡抚,名臣名将,portrait_liubing.png
liuzhong,刘忠,,,山东承宣布政使,名臣名将,portrait_liuzhong.png
liuchun-2,刘春,,,南京吏部尚书,名臣名将,portrait_liuchun_2.png
liuxun,刘逊,,,户部员外郎,名臣名将,portrait_liuxun.png
wuyiguan,吴一贯,,,江西按察使,名臣名将,portrait_wuyiguan.png
wuwendu,吴文度,,,南京户部尚书,名臣名将,portrait_wuwendu.png
zhouxi,周玺,,,周玺与游击,名臣名将,portrait_zhouxi.png
zhouneng,周能,,,外祖父周能庆云侯,名臣名将,portrait_zhouneng.png
jianghong,姜洪,,,士,名臣名将,portrait_jianghong.png
zhangsheng,张升,,,礼部尚书,名臣名将,portrait_zhangsheng.png
zhangding,张嵿,,,南京工部尚书,名臣名将,portrait_zhangding.png
zhangbi,张弼,,,福建南安府知府,名臣名将,portrait_zhangbi.png
zhangjin,张津,,,广东承宣布政使,名臣名将,portrait_zhangjin.png
zhangfu-2,张黻,,,士,名臣名将,portrait_zhangfu_2.png
zhangnai,张鼐,,,南京右都御史,名臣名将,portrait_zhangnai.png
pengcheng,彭程,,,尚书,名臣名将,portrait_pengcheng.png
caoyuan,曹元,,,大学士,名臣名将,portrait_caoyuan.png
lizisheng,李孜省,,,御史,名臣名将,portrait_lizisheng.png
liwenxiang,李文祥,,,湖广承宣布政使,名臣名将,portrait_liwenxiang.png
lidan,李旦,,,甲必丹,名臣名将,portrait_lidan.png
liyue,李钺,,虔甫,兵部尚书,名臣名将,portrait_liyue.png
yanglian,杨廉,,方震,南京礼部尚书,名臣名将,portrait_yanglian.png
linjun,林俊,,,福建承宣布政使,名臣名将,portrait_linjun.png
oupan,欧磐,,,欧磐袭世职指挥使,名臣名将,portrait_oupan.png
hongzhong,洪钟,,,顺天府乡试第六名举人,名臣名将,portrait_hongzhong.png
panfan,潘蕃,,廷芳,南京刑部尚书,名臣名将,portrait_panfan.png
xiongxiu,熊绣,,汝明,南京右都御史,名臣名将,portrait_xiongxiu.png
wangjing,王璟,,,巡抚,名臣名将,portrait_wangjing.png
luolun,罗伦,,,又因大学士,名臣名将,portrait_luolun.png
luoqi-2,罗玘,,,声讨宁王,名臣名将,portrait_luoqi_2.png
hujuren,胡居仁,,,入白鹿洞书院主事,名臣名将,portrait_hujuren.png
jiangcong,蒋琮,,,尚书,名臣名将,portrait_jiangcong.png
zhengji,郑己,,,监察御史,名臣名将,portrait_zhengji.png
chenren,陈仁,,,员外郎,名臣名将,portrait_chenren.png
chengao,陈镐,,,浙江承宣布政使,名臣名将,portrait_chengao.png
gaoyao,高瑶,,,番禺知县,名臣名将,portrait_gaoyao.png
zhuangchang,庄昶,,,尚书,名臣名将,portrait_zhuangchang.png
qiangzhen,强珍,,,辽东巡抚,名臣名将,portrait_qiangzhen.png
xuke,徐恪,,,南京工部侍郎,名臣名将,portrait_xuke.png
yangshousui,杨守随,,,江西道监察御史,名臣名将,portrait_yangshousui.png
wangkui,汪奎,,,御史,名臣名将,portrait_wangkui.png
wanghong2,汪鋐,,宣之,兵部尚书,名臣名将,portrait_wanghong2.png
zhanruoshui,湛若水,,,兵三部尚书,名臣名将,portrait_zhanruoshui.png
zhangmao,章懋,,,士,名臣名将,portrait_zhangmao.png
heqin,贺钦,,,成进士,名臣名将,portrait_heqin.png
penggang,彭纲,,,汝州知州,名臣名将,portrait_penggang.png
wangjiusi,王九思,,敬夫,文学家,名臣名将,portrait_wangjiusi.png
feihong,费宏,,子充,内阁首辅,名臣名将,portrait_feihong.png
luyu,卢瑀,,,广平知府,名臣名将,portrait_luyu.png
hushining,胡世宁,,永清,嘉靖初累官兵部尚书,名臣名将,portrait_hushining.png
yongtai,雍泰,,,南京户部尚书,名臣名将,portrait_yongtai.png
wenzhengming,文徵明,,徵仲,书画家,名臣名将,portrait_wenzhengming.png
taoyan,陶琰,,,山西承宣布政使,名臣名将,portrait_taoyan.png
jiangang,姜昂,,,御史,名臣名将,portrait_jiangang.png
sunxu,孙需,,,副都御史,名臣名将,portrait_sunxu.png
zhuqin,朱钦,,,山东巡抚,名臣名将,portrait_zhuqin.png
wangshouren,王守仁,,伯安,思想家,名臣名将,portrait_wangshouren.png
zhuxizhou,朱希周,,,礼部侍郎,名臣名将,portrait_zhuxizhou.png
limengyang,李梦阳,,献吉,丘王,名臣名将,portrait_limengyang.png
xuzan,许赞,,廷美,吏部尚书,名臣名将,portrait_xuzan.png
gudingchen,顾鼎臣,,,礼部尚书,名臣名将,portrait_gudingchen.png
hemengchun,何孟春,,子元,南京工部左侍郎,名臣名将,portrait_hemengchun.png
wangtingxiang,王廷相,,子衡,兵部尚书,名臣名将,portrait_wangtingxiang.png
maozheng,冒政,,,副都御史,名臣名将,portrait_maozheng.png
kanghai,康海,,德涵,文学家,名臣名将,portrait_kanghai.png
zhangcong,张璁,,秉用,内阁首辅,名臣名将,portrait_zhangcong.png
tangnai,汤鼐,,,弹劾大学士,名臣名将,portrait_tangnai.png
mouchu,缪樗,,,监察御史,名臣名将,portrait_mouchu.png
biangong,边贡,,廷实,累官南京户部尚书,名臣名将,portrait_biangong.png
gulin,顾璘,,,南京刑部尚书,名臣名将,portrait_gulin.png
zhuyingdeng,朱应登,,,诗人,名臣名将,portrait_zhuyingdeng.png
caiqing,蔡清,,,礼部祠祭司员外郎,名臣名将,portrait_caiqing.png
lushen,陆深,,,编修,名臣名将,portrait_lushen.png
jiangwan,姜绾,,,给事中,名臣名将,portrait_jiangwan.png
sunhong,孙纮,,,监察御史,名臣名将,portrait_sunhong.png
caolin,曹璘,,,监察御史,名臣名将,portrait_caolin.png
guie,桂萼,,子实,吏部尚书,名臣名将,portrait_guie.png
xiongjia,熊浃,,悦之,吏部尚书,名臣名将,portrait_xiongjia.png
tianduo,田铎,,,监察御史,名臣名将,portrait_tianduo.png
changheng,畅亨,,,长垣知县,名臣名将,portrait_changheng.png
lvnan,吕柟,,,南京太常寺少卿,名臣名将,portrait_lvnan.png
xuzhenqing,徐祯卿,,,大理寺左寺副,名臣名将,portrait_xuzhenqing.png
yansong,严嵩,,惟中,内阁首辅,名臣名将,portrait_yansong.png
wenyuan,闻渊,,静中,闻太师,名臣名将,portrait_wenyuan.png
huangwan,黄绾,,宗贤,礼部尚书兼翰林院学士,名臣名将,portrait_huangwan.png
yujun,余濬,,,监察御史,名臣名将,portrait_yujun.png
sunchengen,孙承恩,,贞甫,礼部尚书,名臣名将,portrait_sunchengen.png
songduanyi,宋端仪,,,主客员外郎,名臣名将,portrait_songduanyi.png
ouyangdan,欧阳旦,,,监察御史,名臣名将,portrait_ouyangdan.png
guoxu,郭绪,,,户部主事,名臣名将,portrait_guoxu.png
xiayan,夏言,,公谨,内阁首辅,名臣名将,portrait_xiayan.png
maobowen,毛伯温,,汝厉,宁夏巡抚,名臣名将,portrait_maobowen.png
hejingming,何景明,,仲默,陕西提学副使,名臣名将,portrait_hejingming.png
chuquan,储巏,,,郎中,名臣名将,portrait_chuquan.png
yanyishou,颜颐寿,,,刑部尚书,名臣名将,portrait_yanyishou.png
qiaoyu,乔宇,,,吏部尚书,名臣名将,portrait_qiaoyu.png
lvxian,吕献,,,同进士,名臣名将,portrait_lvxian.png
pangpan,庞泮,,,士,名臣名将,portrait_pangpan.png
yangxunji,杨循吉,,,礼部主事,名臣名将,portrait_yangxunji.png
wuqu,武衢,,,河南杞县知县,名臣名将,portrait_wuqu.png
shufen,舒芬,,,献与南昌府知府,名臣名将,portrait_shufen.png
shaobao,邵宝,,,许州知州,名臣名将,portrait_shaobao.png
jinxianmin,金献民,,,兵部尚书,名臣名将,portrait_jinxianmin.png
huangke,黄珂,,,南京工部尚书,名臣名将,portrait_huangke.png
fangxianfu,方献夫,,叔贤,太保,名臣名将,portrait_fangxianfu.png
zhengshanfu,郑善夫,,,诗人,名臣名将,portrait_zhengshanfu.png
panfu,潘府,,,太常寺少卿,名臣名将,portrait_panfu.png
zouzhi,邹智,,,联捷丁未科进士,名臣名将,portrait_zouzhi.png
luduo,鲁铎,,,翰林院编修,名臣名将,portrait_luduo.png
renyi,任仪,,,江西吉安府知府,名臣名将,portrait_renyi.png
fugui,傅珪,,,正德间累官礼部尚书,名臣名将,portrait_fugui.png
yeshen,叶绅,,,巡抚都御史,名臣名将,portrait_yeshen.png
wuyan,吴俨,,,南京礼部尚书,名臣名将,portrait_wuyan.png
qushen,屈伸,,,丁未科进士,名臣名将,portrait_qushen.png
lichongsi,李充嗣,,,应天巡抚,名臣名将,portrait_lichongsi.png
dongjie,董杰,,,巡抚,名臣名将,portrait_dongjie.png
luwan,陆完,,,兵部尚书,名臣名将,portrait_luwan.png
huotao,霍韬,,渭先,礼部尚书,名臣名将,portrait_huotao.png
wuyipeng,吴一鹏,,,礼部尚书,名臣名将,portrait_wuyipeng.png
wushizhong,吴世忠,,,佥都御史,名臣名将,portrait_wushizhong.png
zhouxian-2,周宪,,,湖广承宣布政使,名臣名将,portrait_zhouxian_2.png
zhouguang,周广,,,御史,名臣名将,portrait_zhouguang.png
zhouyong,周用,,,吏部尚书,名臣名将,portrait_zhouyong.png
jianghan,姜汉,,,参将,名臣名将,portrait_jianghan.png
cuixi,崔铣,,,宦官,名臣名将,portrait_cuixi.png
liaoji,廖纪,,,吏部尚书,名臣名将,portrait_liaoji.png
zhangzhi,张治,,文邦,茶陵四大学士,名臣名将,portrait_zhangzhi.png
zhangpu-2,张璞,,,归安县知县,名臣名将,portrait_zhangpu_2.png
zhangqin-2,张芹,,,江西承宣布政使,名臣名将,portrait_zhangqin_2.png
zhangbangqi,张邦奇,,,作家,名臣名将,portrait_zhangbangqi.png
zhangmingfeng,张鸣凤,,,永康县知县,名臣名将,portrait_zhangmingfeng.png
pengqing,彭清,,,都督,名臣名将,portrait_pengqing.png
xuyu,徐钰,,,湖广承宣布政使,名臣名将,portrait_xuyu.png
chengwen,成文,,,辽东巡抚,名臣名将,portrait_chengwen.png
caoxiong,曹雄,,,署都督,名臣名将,portrait_caoxiong.png
liguanghan,李光翰,,,知府,名臣名将,portrait_liguanghan.png
yangshen,杨慎,,用修,文学家,名臣名将,portrait_yangshen.png
maosiyi,毛思义,,,应天巡抚,名臣名将,portrait_maosiyi.png
maoyu,毛玉,,,士,名臣名将,portrait_maoyu.png
tangmu,汤沐,,,崇德县知县,名臣名将,portrait_tangmu.png
wangjun,汪俊,,,礼部尚书,名臣名将,portrait_wangjun.png
panzhen,潘珍,,,巡抚,名臣名将,portrait_panzhen.png
wangxuan,王宣,,,四川布政使,名臣名将,portrait_wangxuan.png
luoqiao,罗侨,,,江西承宣布政使,名臣名将,portrait_luoqiao.png
jiangqin,蒋钦,,,监察御史,名臣名将,portrait_jiangqin.png
zhaoyou,赵佑,,,四川承宣布政使,名臣名将,portrait_zhaoyou.png
chenjiuchou,陈九畴,,禹学,副都御史,名臣名将,portrait_chenjiuchou.png
chenxinjia,陈新甲,,方恒,兵部尚书,名臣名将,portrait_chenxinjia.png
chending,陈鼎,,,广东承宣布政使,名臣名将,portrait_chending.png
mahao,马昊,,,陕西都指挥使,名臣名将,portrait_mahao.png
huanghong,黄宏,,,应天府乡试举人,名臣名将,portrait_huanghong.png
huanggong,黄巩,,,福建承宣布政使,名臣名将,portrait_huanggong.png
conglan,丛兰,,,南京工部尚书,名臣名将,portrait_conglan.png
yujian,俞谏,,,右都御史,名臣名将,portrait_yujian.png
fangliangyong,方良永,,,刑部员外郎,名臣名将,portrait_fangliangyong.png
wangshizhong,王时中,,,兵部尚书,名臣名将,portrait_wangshizhong.png
niexian,聂贤,,,刑部尚书,名臣名将,portrait_niexian.png
zhaohuang,赵璜,,,江西承宣布政使,名臣名将,portrait_zhaohuang.png
cheliang,车梁,,,汉阳府知府,名臣名将,portrait_cheliang.png
shenxiyi,沈希仪,,唐佐,都督,名臣名将,portrait_shenxiyi.png
yaoxueli,姚学礼,,,监察御史,名臣名将,portrait_yaoxueli.png
sunmao,孙懋,,,御史,名臣名将,portrait_sunmao.png
zhanghongzhi,张弘至,,,南安府知府,名臣名将,portrait_zhanghongzhi.png
xufan,徐蕃,,,南京礼科给事中,名臣名将,portrait_xufan.png
daixi,戴铣,,,兵科给事中,名臣名将,portrait_daixi.png
wangxianchen,王献臣,,,御史,名臣名将,portrait_wangxianchen.png
luoqinshun,罗钦顺,,,南京太常寺少卿,名臣名将,portrait_luoqinshun.png
huguan,胡爟,,,户部主事,名臣名将,portrait_huguan.png
xingxun,邢珣,,,员外郎,名臣名将,portrait_xingxun.png
guqing,顾清,,,十月与吏部尚书,名臣名将,portrait_guqing.png
yulian,余濂,,,江西乡试第二十四名举人,名臣名将,portrait_yulian.png
yaomo,姚镆,,,浙江承宣布政使,名臣名将,portrait_yaomo.png
wangtingchen,王廷陈,,,裕州知州,名臣名将,portrait_wangtingchen.png
wangzhen-2,王缜,,,户部尚书,名臣名将,portrait_wangzhen_2.png
shengyingqi,盛应期,,,都察院右副都御史,名臣名将,portrait_shengyingqi.png
qinjin,秦金,,,工部尚书,名臣名将,portrait_qinjin.png
xutianxi,许天锡,,,吏科给事中,名臣名将,portrait_xutianxi.png
zouwensheng,邹文盛,,,户部尚书,名臣名将,portrait_zouwensheng.png
gaoxuan,高选,,,陕西乡试第六十五名举人,名臣名将,portrait_gaoxuan.png
lucan,陆粲,,,江西永新知县,名臣名将,portrait_lucan.png
fengxi,丰熙,,,举人,名臣名将,portrait_fengxi.png
zhangshilong,张士隆,,,知州,名臣名将,portrait_zhangshilong.png
liangcai,梁材,,,户部尚书,名臣名将,portrait_liangcai.png
xiaoqianyuan,萧乾元,,,萧乾元与十三道御史,名臣名将,portrait_xiaoqianyuan.png
gonganfu,贡安甫,,,兵部尚书刘大夏被太监,名臣名将,portrait_gonganfu.png
renhui,任惠,,,行人司行人,名臣名将,portrait_renhui.png
hetianqu,何天衢,,,监察御史,名臣名将,portrait_hetianqu.png
liurui,刘瑞,,,赠礼部尚书,名臣名将,portrait_liurui.png
sunpan,孙磐,,,吏部主事,名臣名将,portrait_sunpan.png
sunlu,孙禄,,,山东承宣布政使,名臣名将,portrait_sunlu.png
caomin,曹闵,,,福建沙县知县,名臣名将,portrait_caomin.png
tanglijing,汤礼敬,,,刑科给事中,名臣名将,portrait_tanglijing.png
pantang,潘镗,,,监察御史,名臣名将,portrait_pantang.png
wanghuan,王涣,,,都御史,名臣名将,portrait_wanghuan.png
huxian,胡献,,,监察御史,名臣名将,portrait_huxian.png
aihong,艾洪,,,给事中,名臣名将,portrait_aihong.png
gehao,葛浩,,,浙江承宣布政使,名臣名将,portrait_gehao.png
baoyanhui,薄彦徽,,,贬大学士,名臣名将,portrait_baoyanhui.png
chenmaolie,陈茂烈,,,吉安府推官,名臣名将,portrait_chenmaolie.png
taoxie,陶谐,,,同进士,名臣名将,portrait_taoxie.png
huacha,华察,,,诗人,名臣名将,portrait_huacha.png
liugai,刘概,,,湖广都指挥使,名臣名将,portrait_liugai.png
shiliangzuo,史良佐,,,监察御史,名臣名将,portrait_shiliangzuo.png
sunqing,孙清,,,翰林院编修,名臣名将,portrait_sunqing.png
diluan,翟銮,,,礼部尚书谨身殿大学士,名臣名将,portrait_diluan.png
jiangyao,蒋瑶,,,工部尚书,名臣名将,portrait_jiangyao.png
yuanzongru,袁宗儒,,,户部左侍郎,名臣名将,portrait_yuanzongru.png
xinghuan,邢寰,,,江西南昌府知府,名臣名将,portrait_xinghuan.png
mali,马理,,,教授,名臣名将,portrait_mali.png
wuwending,伍文定,,,湖广承宣布政使,名臣名将,portrait_wuwending.png
lvchong,吕翀,,,江西承宣布政使,名臣名将,portrait_lvchong.png
zhangwenjin,张文锦,,,大同巡抚,名臣名将,portrait_zhangwenjin.png
zhutingsheng,朱廷声,,,江西承宣布政使,名臣名将,portrait_zhutingsheng.png
muxiang,牧相,,,奉命与都御史,名臣名将,portrait_muxiang.png
ditang,翟唐,,,河南承宣布政使,名臣名将,portrait_ditang.png
huwenbi,胡文璧,,,凤阳府知府,名臣名将,portrait_huwenbi.png
gesong,葛嵩,,,外戚,名臣名将,portrait_gesong.png
hetai,贺泰,,,监察御史,名臣名将,portrait_hetai.png
zhengxiao,郑晓,,,刑部尚书,名臣名将,portrait_zhengxiao.png
huangzhaodao,黄昭道,,,知县,名臣名将,portrait_huangzhaodao.png
zhanrong,詹荣,,,大同巡抚,名臣名将,portrait_zhanrong.png
hetang,何瑭,,,南京右都御史,名臣名将,portrait_hetang.png
koutianxu,寇天叙,,,并与兵部尚书,名臣名将,portrait_koutianxu.png
xuwen,徐问,,,巡抚,名臣名将,portrait_xuwen.png
caohu,曹琥,,,巩昌府知府,名臣名将,portrait_caohu.png
lihanchen,李翰臣,,,第三甲第八名进士,名臣名将,portrait_lihanchen.png
huzuanzong,胡缵宗,,,副都御史,名臣名将,portrait_huzuanzong.png
huoen,霍恩,,,河南上蔡县知县,名臣名将,portrait_huoen.png
heshaozheng,何绍正,,,吏部尚书,名臣名将,portrait_heshaozheng.png
yezhao,叶钊,,,江西承宣布政使,名臣名将,portrait_yezhao.png
xuxian,徐暹,,,尚书,名臣名将,portrait_xuxian.png
wangkuang,王爌,,,浙江承宣布政使,名臣名将,portrait_wangkuang.png
yuanzhi,袁袠,,,尚书,名臣名将,portrait_yuanzhi.png
chencha,陈察,,,南赣巡抚,名臣名将,portrait_chencha.png
yudayou,俞大猷,,志辅,右都督,名臣名将,portrait_yudayou.png
lvben,吕本,,汝立,礼部尚书,名臣名将,portrait_lvben.png
xujie,徐阶,,子升,内阁首辅,名臣名将,portrait_xujie.png
zhouqiyong,周期雍,,,刑部尚书,名臣名将,portrait_zhouqiyong.png
yaojiyan,姚继岩,,,工部主事,名臣名将,portrait_yaojiyan.png
jianglong,姜龙,,,士,名臣名将,portrait_jianglong.png
songjing,宋景,,,睢州知州,名臣名将,portrait_songjing.png
ouyangzhong,欧阳重,,,江西承宣布政使,名臣名将,portrait_ouyangzhong.png
wangwei-2,王韦,,,历官太仆寺少卿,名臣名将,portrait_wangwei_2.png
xiaomingfeng,萧鸣凤,,,高密知县,名臣名将,portrait_xiaomingfeng.png
hanbangqi,韩邦奇,,,南京兵部尚书,名臣名将,portrait_hanbangqi.png
malu,马录,,,监察御史,名臣名将,portrait_malu.png
weixiao,魏校,,,员外郎,名臣名将,portrait_weixiao.png
wantang,万镗,,,吏部尚书,名臣名将,portrait_wantang.png
liuhui,刘绘,,,河南承宣布政使,名臣名将,portrait_liuhui.png
lutang,卢镗,,子鸣,副总兵,名臣名将,portrait_lutang.png
anpan,安磐,,,兵科都给事中,名臣名将,portrait_anpan.png
songyifang,宋以方,,,江西瑞州府知府,名臣名将,portrait_songyifang.png
zhangjian-2,张简,,,兵部主事,名臣名将,portrait_zhangjian_2.png
zhangyanrui,张衍瑞,,,清丰县知县,名臣名将,portrait_zhangyanrui.png
daideru,戴德孺,,,历官工部员外郎,名臣名将,portrait_daideru.png
lishi,李时,,子纯,内阁首辅,名臣名将,portrait_lishi.png
chouyue,仇钺,,,咸宁伯,名臣名将,portrait_chouyue.png
heqing,何卿,,,四川都指挥使,名臣名将,portrait_heqing.png
liuji-2,刘济,,,江西承宣布政使,名臣名将,portrait_liuji_3.png
liukui,刘魁,,,山东承宣布政使,名臣名将,portrait_liukui.png
tanglong,唐龙,,,兵部尚书,名臣名将,portrait_tanglong.png
xialiangsheng,夏良胜,,,太常寺少卿,名臣名将,portrait_xialiangsheng.png
sunyingkui,孙应奎,,,户部尚书,名臣名将,portrait_sunyingkui.png
anguo,安国,,,署指挥使,名臣名将,portrait_anguo.png
songne,宋讷,,仲敏,国子监祭酒,名臣名将,portrait_songne.png
zhangyue-2,张岳,,,江西巡抚,名臣名将,portrait_zhangyue_2.png
zhanglu,张录,,,山东承宣布政使,名臣名将,portrait_zhanglu.png
zhanghanqing,张汉卿,,,河南承宣布政使,名臣名将,portrait_zhanghanqing.png
zhangcan,张澯,,,南京兵部尚书,名臣名将,portrait_zhangcan.png
zhangchong,张翀,,,江西广信府知府,名臣名将,portrait_zhangchong.png
xuwenhua,徐文华,,,大理寺少卿,名臣名将,portrait_xuwenhua.png
zhujie,朱节,,,赠光禄寺少卿,名臣名将,portrait_zhujie.png
zhushang,朱裳,,,都察院右副都御史,名臣名将,portrait_zhushang.png
lilian,李濂,,,文学家,名臣名将,portrait_lilian.png
limo,李默,,,第三甲第四十六名进士,名臣名将,portrait_limo.png
yanghuai,杨淮,,,尚书,名臣名将,portrait_yanghuai.png
yangrui,杨锐,,,刑部主事,名臣名将,portrait_yangrui.png
hangxiong,杭雄,,,都督,名臣名将,portrait_hangxiong.png
shenhan,沈汉,,,恰逢尚书,名臣名将,portrait_shenhan.png
puhong,浦𬭎,,,山东承宣布政使,名臣名将,portrait_puhong.png
wangsi,王思,,,江西承宣布政使,名臣名将,portrait_wangsi.png
wangxiang,王相,,,江西承宣布政使,名臣名将,portrait_wangxiang.png
wangluan,王銮,,,江西承宣布政使,名臣名将,portrait_wangluan.png
doumiaoshan,窦妙善,,,瑞州通判,名臣名将,portrait_doumiaoshan.png
xuekan,薛侃,,,都御史,名臣名将,portrait_xuekan.png
jieyiguan,解一贯,,,吏科都给事中,名臣名将,portrait_jieyiguan.png
zhengyipeng,郑一鹏,,,吏科给事中,名臣名将,portrait_zhengyipeng.png
qianning,钱宁,,,幼时寄鬻太监,名臣名将,portrait_qianning.png
chenjiuchuan,陈九川,,,同进士,名臣名将,portrait_chenjiuchuan.png
chenyi-2,陈沂,,,楚王,名臣名将,portrait_chenyi_2.png
mayong,马永,,,都督,名臣名将,portrait_mayong.png
maruji,马汝骥,,,陵川知县,名臣名将,portrait_maruji.png
wanchao,万潮,,,巡抚,名臣名将,portrait_wanchao.png
yushan-2,余珊,,,澧州知州,名臣名将,portrait_yushan_2.png
fuji,傅檝,,,登进士,名臣名将,portrait_fuji.png
tangshunzhi,唐顺之,,应德，一字义修,右佥都御史,名臣名将,portrait_tangshunzhi.png
guiyouguang,归有光,,熙甫,散文家,名臣名将,portrait_guiyouguang.png
xuwenpu,徐文溥,,,都御史,名臣名将,portrait_xuwenpu.png
yangzui,杨最,,,追赠右副都御史,名臣名将,portrait_yangzui.png
ouyangduo,欧阳铎,,,行人司行人,名臣名将,portrait_ouyangduo.png
wangyuanzheng,王元正,,,翰林院编修,名臣名将,portrait_wangyuanzheng.png
wangxuekui,王学夔,,,刑部主事,名臣名将,portrait_wangxuekui.png
wangyu,王忬,,民应,都察院右都御史兼兵部左侍郎,名臣名将,portrait_wangyu.png
dipeng,翟鹏,,,巡抚,名臣名将,portrait_dipeng.png
xuxiangqing,许相卿,,,浙江承宣布政使,名臣名将,portrait_xuxiangqing.png
xukui,许逵,,,山东乐陵县知县,名臣名将,portrait_xukui.png
zhaohan,赵汉,,,浙江承宣布政使,名臣名将,portrait_zhaohan.png
zoushouyi,邹守益,,,翰林院编修,名臣名将,portrait_zoushouyi.png
liguan,黎贯,,,巡城御史,名臣名将,portrait_liguan.png
liutianhe,刘天和,,,湖广承宣布政使,名臣名将,portrait_liutianhe.png
zhoujin-2,周金,,,登进士,名臣名将,portrait_zhoujin_2.png
yingliang,应良,,,浙江乡试第四名举人,名臣名将,portrait_yingliang.png
guiyue,归钺,,,孝子,名臣名将,portrait_guiyue.png
daiguan,戴冠,,,河南承宣布政使,名臣名将,portrait_daiguan.png
shitianzhu,石天柱,,,四川承宣布政使,名臣名将,portrait_shitianzhu.png
zhaozhenji,赵贞吉,,孟静,文渊阁大学士,名臣名将,portrait_zhaozhenji.png
luzhen,陆震,,,浙江承宣布政使,名臣名将,portrait_luzhen.png
wangshenzhong,王慎中,,道思,唯慎中昔曾忤大学士,名臣名将,portrait_wangshenzhong.png
moruzhong,莫如忠,,,浙江右布政使,名臣名将,portrait_moruzhong.png
wuyu,仵瑜,,,光禄寺少卿,名臣名将,portrait_wuyu.png
liuxiao,刘校,,,河南承宣布政使,名臣名将,portrait_liuxiao.png
zhanghan,张瀚,,,湖广布政司右参议,名臣名将,portrait_zhanghan.png
guohonghua,郭弘化,,,江西承宣布政使,名臣名将,portrait_guohonghua.png
guonan,郭楠,,,福建承宣布政使,名臣名将,portrait_guonan.png
weishangchen,韦商臣,,,杜桐到吏部尚书,名臣名将,portrait_weishangchen.png
huangzuo,黄佐,,,士,名臣名将,portrait_huangzuo.png
yanne,严讷,,敏卿,少保,名臣名将,portrait_yanne.png
liushiyuan,刘士元,,,都御史,名臣名将,portrait_liushiyuan.png
luqiong,卢琼,,,江西承宣布政使,名臣名将,portrait_luqiong.png
tuqiao,屠侨,,,左都御史,名臣名将,portrait_tuqiao.png
lichunfang,李春芳,,子实,内阁首辅,名臣名将,portrait_lichunfang.png
yangshouli,杨守礼,,,山西承宣布政使,名臣名将,portrait_yangshouli.png
wangwensheng,汪文盛,,,饶州府推官,名臣名将,portrait_wangwensheng.png
huqiong,胡琼,,,慈溪县知县,名臣名将,portrait_huqiong.png
dongxiang,董相,,,监察御史,名臣名将,portrait_dongxiang.png
zhanshi,詹轼,,,兵部员外郎,名臣名将,portrait_zhanshi.png
chenyiqin,陈以勤,,逸甫,礼部尚书,名臣名将,portrait_chenyiqin.png
qizhiluan,齐之鸾,,,诗人,名臣名将,portrait_qizhiluan.png
zhuheng,朱衡,,士南,士,名臣名将,portrait_zhuheng.png
huzongxian,胡宗宪,,字汝钦，一字汝贞,襄懋,名臣名将,portrait_huzongxian.png
tangkan,唐侃,,,武定州知州,名臣名将,portrait_tangkan.png
shangdajie,商大节,,,湖广承宣布政使,名臣名将,portrait_shangdajie.png
yingdian,应典,,,兵部主事,名臣名将,portrait_yingdian.png
zhangyuetao,张曰韬,,,常州府推官,名臣名将,portrait_zhangyuetao.png
yinzhengmao,殷正茂,,养实,行人,名臣名将,portrait_yinzhengmao.png
zhengzibi,郑自璧,,,工科给事中,名臣名将,portrait_zhengzibi.png
gaogong,高拱,,肃卿,内阁首辅,名臣名将,portrait_gaogong.png
hezun,何遵,,,吏部尚书,名臣名将,portrait_hezun.png
fengjing,冯泾,,,礼部员外郎,名臣名将,portrait_fengjing.png
zhangyuan,张原,,,陕西承宣布政使,名臣名将,portrait_zhangyuan.png
lipanlong,李攀龙,,于鳞,历员外郎,名臣名将,portrait_lipanlong.png
haorui,海瑞,,汝贤,右佥都御史,名臣名将,portrait_haorui.png
xuehui,薛蕙,,,刑部主事,名臣名将,portrait_xuehui.png
zhengbengong,郑本公,,,山西行都指挥使,名臣名将,portrait_zhengbengong.png
huangzongming,黄宗明,,,浙江承宣布政使,名臣名将,portrait_huangzongming.png
wangong,万恭,,肃卿,巡抚,名臣名将,portrait_wangong.png
yeyingcong,叶应骢,,,浙江承宣布政使,名臣名将,portrait_yeyingcong.png
jiyuanheng,冀元亨,,,正德十一年丙子科举人,名臣名将,portrait_jiyuanheng.png
cuitong,崔桐,,,太常寺少卿,名臣名将,portrait_cuitong.png
fangdun,方钝,,,户部尚书,名臣名将,portrait_fangdun.png
zhuzhe,朱淛,,,御史,名臣名将,portrait_zhuzhe.png
yangwei,杨巍,,,巡抚,名臣名将,portrait_yangwei.png
keweiqi,柯维骐,,,登进士,名臣名将,portrait_keweiqi.png
wangyingzhen,汪应轸,,,浙江承宣布政使,名臣名将,portrait_wangyingzhen.png
wanglu,王禄,,,江西承宣布政使,名臣名将,portrait_wanglu.png
wangke,王科,,,南京御史,名臣名将,portrait_wangke.png
niebao,聂豹,,,大学士,名臣名将,portrait_niebao.png
luquan,陆铨,,,兵部员外郎,名臣名将,portrait_luquan.png
guji,顾济,,,行人司行人,名臣名将,portrait_guji.png
huangzhi,黄直,,,江西承宣布政使,名臣名将,portrait_huangzhi.png
liushiyang,刘世扬,,,福建承宣布政使,名臣名将,portrait_liushiyang.png
liuren,刘讱,,,刑部尚书,名臣名将,portrait_liuren.png
lishaoxian,李绍贤,,,兵部员外郎,名臣名将,portrait_lishaoxian.png
lingongfu,林公黼,,,兵部员外郎,名臣名将,portrait_lingongfu.png
wangshike,王时柯,,,江西承宣布政使,名臣名将,portrait_wangshike.png
wangbangrui,王邦瑞,,,河南承宣布政使,名臣名将,portrait_wangbangrui.png
zhangqiao,章侨,,,浙江承宣布政使,名臣名将,portrait_zhangqiao.png
hushi,胡侍,,,兵部尚书,名臣名将,portrait_hushi.png
zangyingkui,臧应奎,,,浙江承宣布政使,名臣名将,portrait_zangyingkui.png
fanzong,范鏓,,,员外郎,名臣名将,portrait_fanzong.png
peishaozong,裴绍宗,,,海门知县,名臣名将,portrait_peishaozong.png
dengjiceng,邓继曾,,,正德进士,名臣名将,portrait_dengjiceng.png
zhengluoshu,郑洛书,,,上海县知县,名臣名将,portrait_zhengluoshu.png
chenhou,陈逅,,,惠安县知县,名臣名将,portrait_chenhou.png
lingyunyi,凌云翼,,汝成，延年,巡抚,名臣名将,portrait_lingyunyi.png
yuxili,喻希礼,,,尚书,名臣名将,portrait_yuxili.png
sunjilu,孙继鲁,,,云南都指挥使,名臣名将,portrait_sunjilu.png
liangyouyu,梁有誉,,公实,文学家,名臣名将,portrait_liangyouyu.png
ouyangde,欧阳德,,,礼部尚书,名臣名将,portrait_ouyangde.png
gaoshusi,高叔嗣,,,外戚,名臣名将,portrait_gaoshusi.png
baoxiangxian,鲍象贤,,,巡抚,名臣名将,portrait_baoxiangxian.png
tanlun,谭纶,,子理,兵部尚书,名臣名将,portrait_tanlun.png
houtingxun,侯廷训,,,士,名臣名将,portrait_houtingxun.png
wuguifang,吴桂芳,,子实,工部尚书兼右副都御史,名臣名将,portrait_wuguifang.png
zhangkui,张逵,,,赠光禄少卿,名臣名将,portrait_zhangkui.png
xuwei,徐渭,,文长,文学家,名臣名将,portrait_xuwei.png
zhuwan,朱纨,,,都察院右都御史,名臣名将,portrait_zhuwan.png
duluan,杜鸾,,,大理寺评事,名臣名将,portrait_duluan.png
panjixun,潘季驯,,初字子良，又字惟良，后改字时良,刑部尚书,名臣名将,portrait_panjixun.png
shaojingbang,邵经邦,,,浙江承宣布政使,名臣名将,portrait_shaojingbang.png
liuxian,刘显,,,江西承宣布政使,名臣名将,portrait_liuxian.png
wudui,吴兑,,,巡抚,名臣名将,portrait_wudui.png
wushan,吴山,,,巡抚,名臣名将,portrait_wushan.png
wuyue,吴岳,,,山东承宣布政使,名臣名将,portrait_wuyue.png
zhoumian,周冕,,,湖广等处承宣布政使,名臣名将,portrait_zhoumian.png
zhoushangwen,周尚文,,,监察御史,名臣名将,portrait_zhoushangwen.png
zhousijian,周思兼,,,工部员外郎,名臣名将,portrait_zhousijian.png
zhouyi,周怡,,,大学士,名臣名将,portrait_zhouyi.png
zhoushuxue,周述学,,,推荐给兵部尚书,名臣名将,portrait_zhoushuxue.png
zhoufu,周𫓧,,,山西承宣布政使,名臣名将,portrait_zhoufu.png
tangshu,唐枢,,,刑部主事,名臣名将,portrait_tangshu.png
songxun,宋纁,,,吏部尚书,名臣名将,portrait_songxun.png
yinfeng,尹凤,,,署都督,名臣名将,portrait_yinfeng.png
zhangyue-3,张岳,,,江西巡抚,名臣名将,portrait_zhangyue_3.png
zhangyongming,张永明,,,刑部尚书,名臣名将,portrait_zhangyongming.png
zhangxuan-2,张选,,,六安卫正千户,名臣名将,portrait_zhangxuan_2.png
xujiusi,徐九思,,,直隶句容县知县,名臣名将,portrait_xujiusi.png
xuxueshi,徐学诗,,,士,名臣名将,portrait_xuxueshi.png
xuxuemo,徐学谟,,叔明、子言,礼部尚书,名臣名将,portrait_xuxuemo.png
xulian,徐琏,,,陕西承宣布政使,名臣名将,portrait_xulian.png
xufuzai,徐甫宰,,,浙江承宣布政使,名臣名将,portrait_xufuzai.png
xushen,徐申,,,蕲水知县,名臣名将,portrait_xushen.png
fangfengshi,方逢时,,行之、兆行,宁国府知府,名臣名将,portrait_fangfengshi.png
yishizhong,易时中,,,夏津知县,名臣名将,portrait_yishizhong.png
liyou,李佑,,,广东巡抚,名臣名将,portrait_liyou.png
liqian,李迁,,,巡抚,名臣名将,portrait_liqian.png
lisui,李遂,,,南京兵部尚书,名臣名将,portrait_lisui.png
linyingcong,林应骢,,,户部员外郎,名臣名将,portrait_linyingcong.png
liangzhen,梁震,,,河南承宣布政使,名臣名将,portrait_liangzhen.png
ouyangyijing,欧阳一敬,,,四十四年六月劾罢礼部尚书,名臣名将,portrait_ouyangyijing.png
yinshidan,殷士儋,,正甫,内阁大学士,名臣名将,portrait_yinshidan.png
jiangyida,江以达,,,诗人,名臣名将,portrait_jiangyida.png
tangkekuan,汤克宽,,,参将总兵,名臣名将,portrait_tangkekuan.png
wangyizhong,汪一中,,,光禄寺卿,名臣名将,portrait_wangyizhong.png
huobin,火斌,,,武举人,名臣名将,portrait_huobin.png
wangguoguang,王国光,,,总督,名臣名将,portrait_wangguoguang.png
wangting,王廷,,,漕运总督,名臣名将,portrait_wangting.png
wangxiao,王效,,,都督,名臣名将,portrait_wangxiao.png
wangqiao,王樵,,,南京右都御史,名臣名将,portrait_wangqiao.png
wangji,王畿,,,郎中,名臣名将,portrait_wangji.png
wangweizhen,王维桢,,,乙未科进士,名臣名将,portrait_wangweizhen.png
wangfu-3,王𫓧,,,常熟县知县,名臣名将,portrait_wangfu_3.png
qujiusi,瞿九思,,,吏部尚书,名臣名将,portrait_qujiusi.png
shibangxian,石邦宪,,,贵州都指挥使,名臣名将,portrait_shibangxian.png
husong,胡松,,,吏部尚书,名臣名将,portrait_husong.png
maokun,茅坤,,顺甫,大名兵备副使,名臣名将,portrait_maokun.png
dongyiyuan,董一元,,,总兵,名臣名将,portrait_dongyiyuan.png
xieyu,谢瑜,,,北御史,名臣名将,portrait_xieyu.png
tandachu,谭大初,,,同进士,名臣名将,portrait_tandachu.png
jiayingchun,贾应春,,,刑部尚书,名臣名将,portrait_jiayingchun.png
zhaoshichun,赵时春,,,巡抚,名臣名将,portrait_zhaoshichun.png
zhaohuan,赵焕,,文光,南京右佥都御史,名臣名将,portrait_zhaohuan.png
zhaojin,赵锦,,,兵部尚书,名臣名将,portrait_zhaojin.png
xinzixiu,辛自修,,,协理佥都御史,名臣名将,portrait_xinzixiu.png
zouyinglong,邹应龙,,,云南巡抚,名臣名将,portrait_zouyinglong.png
haojie,郝杰,,,举人,名臣名将,portrait_haojie.png
guoyingpin,郭应聘,,君宾,南京兵部尚书,名臣名将,portrait_guoyingpin.png
qiandehong,钱德洪,,,陕西司员外郎,名臣名将,portrait_qiandehong.png
qianchun,钱𬭚,,,江阴知县,名臣名将,portrait_qianchun.png
ruane,阮鹗,,应荐,浙江巡抚,名臣名将,portrait_ruane.png
luguangzu,陆光祖,,,吏部尚书,名臣名将,portrait_luguangzu.png
lubing,陆炳,,,锦衣卫都指挥使,名臣名将,portrait_lubing.png
chenzan,陈瓒,,,南京户部尚书,名臣名将,portrait_chenzan.png
taozhongwen,陶仲文,,,少师,名臣名将,portrait_taozhongwen.png
gukexue,顾可学,,,士,名臣名将,portrait_gukexue.png
gaoyi,高仪,,,礼部尚书,名臣名将,portrait_gaoyi.png
gaojin,高金,,,山西承宣布政使,名臣名将,portrait_gaojin.png
wangzongmu,王宗沐,,新甫,刑部左侍郎,名臣名将,portrait_wangzongmu.png
xuezongkai,薛宗铠,,,贵溪县知县,名臣名将,portrait_xuezongkai.png
weiliangbi,魏良弼,,,松阳县知县,名臣名将,portrait_weiliangbi.png
wuguolun,吴国伦,,明卿,邵武知府,名臣名将,portrait_wuguolun.png
datongbingbian,大同兵变,,,总兵,名臣名将,portrait_datongbingbian.png
zhaozhigao,赵志皋,,汝迈,内阁首辅,名臣名将,portrait_zhaozhigao.png
liuxijian,刘希简,,,经历,名臣名将,portrait_liuxijian.png
sunlong,孙鑨,,文中,吏部尚书,名臣名将,portrait_sunlong.png
zongchen,宗臣,,子相,福建提学副使,名臣名将,portrait_zongchen.png
qixian,戚贤,,,同年弹劾郭勋及尚书,名臣名将,portrait_qixian.png
qianwei,钱薇,,,外戚,名臣名将,portrait_qianwei.png
fengen,冯恩,,,吏部尚书,名臣名将,portrait_fengen.png
songbangfu,宋邦辅,,,四川道监察御史,名臣名将,portrait_songbangfu.png
tuyingjun,屠应埈,,,历员外郎,名臣名将,portrait_tuyingjun.png
lichengliang,李成梁,,,辽东总兵官,名臣名将,portrait_lichengliang.png
tangshaoen,汤绍恩,,,宁江伯,名臣名将,portrait_tangshaoen.png
wangshizhen,王世贞,,元美,南京刑部尚书,名臣名将,portrait_wangshizhen.png
tianrucheng,田汝成,,,士,名臣名将,portrait_tianrucheng.png
qinao,秦鳌,,,屡迁九江府通判,名臣名将,portrait_qinao.png
wengwanda,翁万达,,,广东承宣布政使,名臣名将,portrait_wengwanda.png
zhangjiayin,张佳胤,,肖甫(一作肖夫、肖父),万历间累官蓟辽总督,名臣名将,portrait_zhangjiayin.png
lizhi,李贽,,宏甫,思想家,名臣名将,portrait_lizhi.png
baojie,包节,,,湖广道监察御史,名臣名将,portrait_baojie.png
likaixian,李开先,,,作家,名臣名将,portrait_likaixian.png
yangming,杨名,,,四川承宣布政使,名臣名将,portrait_yangming.png
yangjue,杨爵,,,御史,名臣名将,portrait_yangjue.png
huangfuxiao,皇甫涍,,,诗人,名臣名将,portrait_huangfuxiao.png
geshouli,葛守礼,,,巡抚,名臣名将,portrait_geshouli.png
caiguozhen,蔡国珍,,汝聘,郎中,名臣名将,portrait_caiguozhen.png
renhan,任瀚,,,士,名臣名将,portrait_renhan.png
yehong,叶洪,,,户科给事中,名臣名将,portrait_yehong.png
lvgao,吕高,,,本司员外郎,名臣名将,portrait_lvgao.png
cengchong,曾翀,,,都御史,名臣名将,portrait_cengchong.png
cengxi,曾铣,,,总督,名臣名将,portrait_cengxi.png
yangshouqian,杨守谦,,,兵部左侍郎,名臣名将,portrait_yangshouqian.png
xiongguo,熊过,,,文学家,名臣名将,portrait_xiongguo.png
wangyuling,王与龄,,,一同告诉尚书,名臣名将,portrait_wangyuling.png
luohongxian,罗洪先,,,诏赠光禄少卿,名臣名将,portrait_luohongxian.png
chenshu,陈束,,,员外郎,名臣名将,portrait_chenshu.png
mafang,马芳,,,游击将军,名臣名将,portrait_mafang.png
zhengluo,郑洛,,禹秀,山东登州府推官,名臣名将,portrait_zhengluo.png
lichengyun,李乘云,,,监察御史,名臣名将,portrait_lichengyun.png
yangshiqiao,杨时乔,,宜迁,吏部左侍郎,名臣名将,portrait_yangshiqiao.png
shenyiguan,沈一贯,,字肩吾，又字不疑、子唯,户部尚书,名臣名将,portrait_shenyiguan.png
hongyuan,洪垣,,,知州,名臣名将,portrait_hongyuan.png
dengzilong,邓子龙,,,参将,名臣名将,portrait_dengzilong.png
lushidao,陆师道,,,累官尚宝司少卿,名臣名将,portrait_lushidao.png
macongqian,马从谦,,,光禄寺少卿,名臣名将,portrait_macongqian.png
yiminsheng,伊敏生,,,慈谿县知县,名臣名将,portrait_yiminsheng.png
yejing,叶经,,,福州府推官,名臣名将,portrait_yejing.png
wuti,吴悌,,,监察御史,名臣名将,portrait_wuti.png
caobangfu,曹邦辅,,,弹劾总督,名臣名将,portrait_caobangfu.png
cengjun,曾钧,,,礼部尚书,名臣名将,portrait_cengjun.png
sangqiao,桑乔,,,广西道监察御史,名臣名将,portrait_sangqiao.png
chengshao,程绍,,,尚书,名臣名将,portrait_chengshao.png
gucunren,顾存仁,,,浙江余姚知县,名臣名将,portrait_gucunren.png
caiyu,蔡羽,,,南京翰林院孔目,名臣名将,portrait_caiyu.png
guopu,郭朴,,,吏部尚书,名臣名将,portrait_guopu.png
jinxueyan,靳学颜,,,河南南阳府推官,名臣名将,portrait_jinxueyan.png
lvjing,吕经,,,辽东巡抚,名臣名将,portrait_lvjing.png
zhoutianzuo,周天佐,,,士,名臣名将,portrait_zhoutianzuo.png
zhugeng,朱赓,,,内阁首辅,名臣名将,portrait_zhugeng.png
laipin,来聘,,,御史,名臣名将,portrait_laipin.png
shenliangcai,沈良才,,,郧阳巡抚,名臣名将,portrait_shenliangcai.png
shenshixing,申时行,,汝默,内阁首辅,名臣名将,portrait_shenshixing.png
tonghanchen,童汉臣,,,浙江承宣布政使,名臣名将,portrait_tonghanchen.png
zhaobingran,赵炳然,,,巡抚,名臣名将,portrait_zhaobingran.png
zhengjizhi,郑继之,,伯孝,吏部尚书,名臣名将,portrait_zhengjizhi.png
zhuzaiyu,朱载堉,,伯勤,端清,名臣名将,portrait_zhuzaiyu.png
wangjiaping,王家屏,,忠伯,内阁首辅,名臣名将,portrait_wangjiaping.png
lushanji,鹿善继,,,大理寺卿,名臣名将,portrait_lushanji.png
wuweizhong,吴惟忠,,,浙江参将,名臣名将,portrait_wuweizhong.png
liyunjian,李允简,,,内江县知县,名臣名将,portrait_liyunjian.png
panshizao,潘士藻,,,尚宝司少卿,名臣名将,portrait_panshizao.png
yuanwei,袁炜,,,户部尚书,名臣名将,portrait_yuanwei.png
lirujin,厉汝进,,,户部尚书,名臣名将,portrait_lirujin.png
wengdali,翁大立,,,巡抚,名臣名将,portrait_wengdali.png
wanshihe,万士和,,,总督,名臣名将,portrait_wanshihe.png
yangyunsheng,杨允绳,,,又劾罢兵部尚书,名臣名将,portrait_yangyunsheng.png
yangjisheng,杨继盛,,,诸城县知县,名臣名将,portrait_yangjisheng.png
jiaohong,焦竑,,弱侯,藏书家,名臣名将,portrait_jiaohong.png
lushusheng,陆树声,,,礼部尚书,名臣名将,portrait_lushusheng.png
maziqiang,马自强,,,礼部尚书,名臣名将,portrait_maziqiang.png
yangsizhong,杨思忠,,,山西承宣布政使,名臣名将,portrait_yangsizhong.png
zhaoshen,赵绅,,,登第三甲第十八名进士,名臣名将,portrait_zhaoshen.png
litingji,李廷机,,,礼部尚书,名臣名将,portrait_litingji.png
shensixiao,沈思孝,,,并纠正两广总督,名臣名将,portrait_shensixiao.png
qiushun,丘橓,,,士,名臣名将,portrait_qiushun.png
yanqing,严清,,,云南都指挥使,名臣名将,portrait_yanqing.png
liuyingjie,刘应节,,,山东承宣布政使,名臣名将,portrait_liuyingjie.png
tulong,屠隆,,长卿、纬真,青浦知县,名臣名将,portrait_tulong.png
shenshu,沈束,,,浙江承宣布政使,名臣名将,portrait_shenshu.png
chenlin,陈璘,,朝爵,水军都督,名臣名将,portrait_chenlin.png
magui,麻贵,,,大同总兵官,名臣名将,portrait_magui.png
renhuan,任环,,,滑县知县,名臣名将,portrait_renhuan.png
lidai,李戴,,仁夫,吏部尚书,名臣名将,portrait_lidai.png
yangxuan-2,杨选,,,总督,名臣名将,portrait_yangxuan_2.png
biqiang,毕锵,,,万历年间累官户部尚书,名臣名将,portrait_biqiang.png
wangzhigao,王之诰,,,宣大总督,名臣名将,portrait_wangzhigao.png
qujingchun,瞿景淳,,,卒后赠礼部尚书,名臣名将,portrait_qujingchun.png
yushenxing,于慎行,,,礼部尚书,名臣名将,portrait_yushenxing.png
zhoujiamo,周嘉谟,,,巡抚,名臣名将,portrait_zhoujiamo.png
wangxiangqian,王象乾,,子廓,兵部尚书,名臣名将,portrait_wangxiangqian.png
wanglin,王遴,,,尚书,名臣名将,portrait_wanglin.png
yuanhongyu,袁洪愈,,,尚书,名臣名将,portrait_yuanhongyu.png
lushude,陆树德,,,山东巡抚,名臣名将,portrait_lushude.png
wudaonan,吴道南,,,扬州府推官,名臣名将,portrait_wudaonan.png
songyiwang,宋仪望,,,江西承宣布政使,名臣名将,portrait_songyiwang.png
wangdaokun,汪道昆,,,提督军务兼巡抚,名臣名将,portrait_wangdaokun.png
wangzongmao,王宗茂,,,湖广承宣布政使,名臣名将,portrait_wangzongmao.png
wangshihuai,王时槐,,,歴员外郎,名臣名将,portrait_wangshihuai.png
zhaowenhua,赵文华,,,工部尚书,名臣名将,portrait_zhaowenhua.png
yanggao,杨镐,,京甫,辽东巡抚,名臣名将,portrait_yanggao.png
fuxizhi,傅希挚,,,郎中,名臣名将,portrait_fuxizhi.png
lirusong,李如松,,,辽东总兵官,名臣名将,portrait_lirusong.png
shenli,沈鲤,,,礼部尚书,名臣名将,portrait_shenli.png
yanjing,颜鲸,,,浙江承宣布政使,名臣名将,portrait_yanjing.png
huangjiashan,黄嘉善,,惟尚,宁夏巡抚,名臣名将,portrait_huangjiashan.png
yuyuede,余曰德,,,员外郎,名臣名将,portrait_yuyuede.png
xuzhaokui,徐兆魁,,策廷,巡抚,名臣名将,portrait_xuzhaokui.png
tangxianzu,汤显祖,,义仍,戏曲家,名臣名将,portrait_tangxianzu.png
wangyingjiao,汪应蛟,,潜夫,南京兵部尚书,名臣名将,portrait_wangyingjiao.png
dongchuance,董传策,,,同进士,名臣名将,portrait_dongchuance.png
zhaonanxing,赵南星,,梦白,吏部尚书,名臣名将,portrait_zhaonanxing.png
guxiancheng,顾宪成,,叔时,吏部考功司主事,名臣名将,portrait_guxiancheng.png
huangkezuan,黄克缵,,绍夫,山东巡抚,名臣名将,portrait_huangkezuan.png
dayun,达云,,腾霄,都督,名臣名将,portrait_dayun.png
zouyuanbiao,邹元标,,尔瞻,忠介,名臣名将,portrait_zouyuanbiao.png
lisancai,李三才,,道甫,谪山东东昌府推官,名臣名将,portrait_lisancai.png
lishida,李世达,,,左都御史,名臣名将,portrait_lishida.png
laizhide,来知德,,,壬子科举人,名臣名将,portrait_laizhide.png
linrun,林润,,,弹劾副都御史,名臣名将,portrait_linrun.png
liangmenglong,梁梦龙,,,吏部尚书,名臣名将,portrait_liangmenglong.png
chenwude,陈吾德,,,广东承宣布政使,名臣名将,portrait_chenwude.png
chenyounian,陈有年,,,诏拜吏部尚书,名臣名将,portrait_chenyounian.png
wushilai,吴时来,,,都察院左都御史,名臣名将,portrait_wushilai.png
pangshangpeng,庞尚鹏,,,福建巡抚,名臣名将,portrait_pangshangpeng.png
lirubai,李如柏,,,明辽东总兵,名臣名将,portrait_lirubai.png
weixueceng,魏学曾,,,巡抚,名臣名将,portrait_weixueceng.png
zhongyuzheng,钟羽正,,叔濂,工部尚书,名臣名将,portrait_zhongyuzheng.png
dongqichang,董其昌,,玄宰,书画家,名臣名将,portrait_dongqichang.png
dengyuanxi,邓元锡,,,嘉靖三十四年乙卯科举人,名臣名将,portrait_dengyuanxi.png
sunpiyang,孙丕扬,,,吏部尚书,名臣名将,portrait_sunpiyang.png
gengdingxiang,耿定向,,,四月吏部尚书,名臣名将,portrait_gengdingxiang.png
qishijiao,亓诗教,,可言,都察院右佥都御史,名臣名将,portrait_qishijiao.png
fengcongwu,冯从吾,,仲好,工部尚书,名臣名将,portrait_fengcongwu.png
zhangchun,张淳,,,应天府乡试第一百十七名举人,名臣名将,portrait_zhangchun.png
wanggao,王杲,,,副总兵,名臣名将,portrait_wanggao.png
liufenyong,刘奋庸,,,礼部员外郎,名臣名将,portrait_liufenyong.png
zhangwei,张位,,,礼部尚书,名臣名将,portrait_zhangwei.png
xufuyuan,许孚远,,,南京工部主事,名臣名将,portrait_xufuyuan.png
chenjiru,陈继儒,,仲醇,同郡大学士,名臣名将,portrait_chenjiru.png
qiaoyingjia,乔应甲,,汝俊,南京都察院都御史,名臣名将,portrait_qiaoyingjia.png
yexianggao,叶向高,,进卿,内阁首辅,名臣名将,portrait_yexianggao.png
zhouhongzu,周弘祖,,,南京御史,名臣名将,portrait_zhouhongzu.png
zhangjia,张槚,,,赠南京工部尚书,名臣名将,portrait_zhangjia.png
cengtongheng,曾同亨,,,太常寺少卿,名臣名将,portrait_cengtongheng.png
liqiyuan,李起元,,惺原,巡抚,名臣名将,portrait_liqiyuan.png
wangtingzhan,王廷瞻,,,嘉靖己未进士,名臣名将,portrait_wangtingzhan.png
shuhua,舒化,,,江西承宣布政使,名臣名将,portrait_shuhua.png
caixi,蔡悉,,,泉州府通判,名臣名将,portrait_caixi.png
weishiliang,魏时亮,,,江西承宣布政使,名臣名将,portrait_weishiliang.png
zhangwoxu,张我续,,胤祧、叔子,川贵总督,名臣名将,portrait_zhangwoxu.png
shenyongmao,申用懋,,敬中,兵部尚书,名臣名将,portrait_shenyongmao.png
yuanzongdao,袁宗道,,伯修,士,名臣名将,portrait_yuanzongdao.png
liudongxing,刘东星,,,山西承宣布政使,名臣名将,portrait_liudongxing.png
tangboyuan,唐伯元,,,万年县知县,名臣名将,portrait_tangboyuan.png
xuzhenming,徐贞明,,,兵部尚书,名臣名将,portrait_xuzhenming.png
aimu,艾穆,,,湖广承宣布政使,名臣名将,portrait_aimu.png
zhangyingzhi,张应治,,,行人,名臣名将,portrait_zhangyingzhi.png
xuguangqi,徐光启,,子先,礼部尚书,名臣名将,portrait_xuguangqi.png
mouchangqi,缪昌期,,当时、又元,翰林院检讨,名臣名将,portrait_mouchangqi.png
yuankeli,袁可立,,礼卿,兵部尚书,名臣名将,portrait_yuankeli.png
zhenglvchun,郑履淳,,,刑部尚书,名臣名将,portrait_zhenglvchun.png
gaopanlong,高攀龙,,存之、云从,士,名臣名将,portrait_gaopanlong.png
sunchengzong,孙承宗,,稚绳,大学士,名臣名将,portrait_sunchengzong.png
shifenglai,施凤来,,羽皇，一字羽王,内阁首辅,名臣名将,portrait_shifenglai.png
wenchun,温纯,,,少保,名臣名将,portrait_wenchun.png
wangzaijin,王在晋,,明初,山东巡抚,名臣名将,portrait_wangzaijin.png
zhanyangbi,詹仰庇,,,刑部右侍郎,名臣名将,portrait_zhanyangbi.png
zhaoshiqing,赵世卿,,,户部尚书,名臣名将,portrait_zhaoshiqing.png
liuhongxun,刘鸿训,,默承,内阁首辅,名臣名将,portrait_liuhongxun.png
zhangmengnan,张孟男,,,南京工部尚书,名臣名将,portrait_zhangmengnan.png
lizhizao,李之藻,,,南京工部员外郎,名臣名将,portrait_lizhizao.png
liyi-2,李已,,,保定巡抚,名臣名将,portrait_liyi_2.png
chaduo,查铎,,,德安府推官,名臣名将,portrait_chaduo.png
wangwenhui,汪文辉,,,云南道监察御史,名臣名将,portrait_wangwenhui.png
wangyuanhan,王元翰,,,工部主事,名臣名将,portrait_wangyuanhan.png
huxiao,胡涍,,,永丰县知县,名臣名将,portrait_huxiao.png
shaojiechun,邵捷春,,肇复,四川巡抚,名臣名将,portrait_shaojiechun.png
luowenli,骆问礼,,,扬州府推官,名臣名将,portrait_luowenli.png
chenyuting,陈于廷,,孟谔,刑部尚书,名臣名将,portrait_chenyuting.png
hankuang,韩爌,,虞臣,礼部尚书,名臣名将,portrait_hankuang.png
dingbin,丁宾,,,监察御史,名臣名将,portrait_dingbin.png
liuyijing,刘一燝,,季晦,礼部尚书兼东阁大学士,名臣名将,portrait_liuyijing.png
mengyimai,孟一脉,,,南赣巡抚,名臣名将,portrait_mengyimai.png
zhangyuanxun,张元勋,,,浙江承宣布政使,名臣名将,portrait_zhangyuanxun.png
zhanghan-2,张汉,,,甘肃巡抚,名臣名将,portrait_zhanghan_2.png
zhangchen,张臣,,,都督,名臣名将,portrait_zhangchen.png
lizhen,李祯,,,湖广巡抚,名臣名将,portrait_lizhen.png
liyi-4,李颐,,,江西承宣布政使,名臣名将,portrait_liyi_4.png
laisixing,来斯行,,道之,浙江承宣布政使,名臣名将,portrait_laisixing.png
jiasanjin,贾三近,,,文学家,名臣名将,portrait_jiasanjin.png
dengyizan,邓以赞,,,翰林院编修,名臣名将,portrait_dengyizan.png
guocheng,郭成,,,四川都指挥使,名臣名将,portrait_guocheng.png
chenbangzhan,陈邦瞻,,,诏赠尚书,名臣名将,portrait_chenbangzhan.png
huangfengxiang,黄凤翔,,,翰林院编修,名臣名将,portrait_huangfengxiang.png
weichengfang,卫承芳,,,徽州府知府,名臣名将,portrait_weichengfang.png
wangyongji-2,王用汲,,,南京刑部尚书,名臣名将,portrait_wangyongji_2.png
yuanhongdao,袁宏道,,中郎,文学家,名臣名将,portrait_yuanhongdao.png
huangliji,黄立极,,中五,礼部尚书,名臣名将,portrait_huangliji.png
biziyan,毕自严,,,户部尚书,名臣名将,portrait_biziyan.png
xiongtingbi,熊廷弼,,飞白、非白,兵部尚书,名臣名将,portrait_xiongtingbi.png
zhaolvjiao,赵率教,,希龙,总兵,名臣名将,portrait_zhaolvjiao.png
sunweicheng,孙维城,,,南京湖广道监察御史,名臣名将,portrait_sunweicheng.png
zhangruitu,张瑞图,,,武英殿大学士,名臣名将,portrait_zhangruitu.png
zhuhongmo,朱鸿谟,,,山东承宣布政使,名臣名将,portrait_zhuhongmo.png
wangruxun,王汝训,,,诸王,名臣名将,portrait_wangruxun.png
dongji,董基,,,历员外郎,名臣名将,portrait_dongji.png
yuanzhongdao,袁中道,,小修，一作少修，别字冲修,作家,名臣名将,portrait_yuanzhongdao.png
weiguangwei,魏广微,,显伯,文庄,名臣名将,portrait_weiguangwei.png
huangshijun,黄士俊,,亮坦、象甫,文裕,名臣名将,portrait_huangshijun.png
fuyingzhen,傅应祯,,,职湖广零陵县知县,名臣名将,portrait_fuyingzhen.png
liutai,刘台,,,山东御史,名臣名将,portrait_liutai.png
wuzhongxing,吴中行,,,隆庆间进士,名臣名将,portrait_wuzhongxing.png
zhouqiyuan,周起元,,仲先,右佥都御史,名臣名将,portrait_zhouqiyuan.png
lichunye,李春烨,,侯质,兵部尚书,名臣名将,portrait_lichunye.png
laizongdao,来宗道,,子由,礼部尚书,名臣名将,portrait_laizongdao.png
bimaokang,毕懋康,,孟侯,兵部右侍郎,名臣名将,portrait_bimaokang.png
wangzhicai,王之寀,,心一,山西承宣布政使,名臣名将,portrait_wangzhicai.png
xiaoyan,萧彦,,,浙江杭州府推官,名臣名将,portrait_xiaoyan.png
zhaocanlu,赵参鲁,,,南京刑部尚书,名臣名将,portrait_zhaocanlu.png
zhaoyongxian,赵用贤,,,检讨,名臣名将,portrait_zhaoyongxian.png
chengjiming,成基命,,靖之,少保,名臣名将,portrait_chengjiming.png
dingyuanjian,丁元荐,,,礼部主事,名臣名将,portrait_dingyuanjian.png
dingcilv,丁此吕,,,丁丑科进士,名臣名将,portrait_dingcilv.png
wanxiangchun,万象春,,,恰好河南巡抚,名臣名将,portrait_wanxiangchun.png
niwenhuan,倪文焕,,贲白,太常寺卿,名臣名将,portrait_niwenhuan.png
fuzonglong,傅宗龙,,仲纶、元宪、献可,兵部尚书,名臣名将,portrait_fuzonglong.png
fengyingjing,冯应京,,,户部主事,名臣名将,portrait_fengyingjing.png
liuyuliang,刘宇亮,,季龙,内阁首辅,名臣名将,portrait_liuyuliang.png
liuyingqiu,刘应秋,,,弹劾内阁首辅,名臣名将,portrait_liuyingqiu.png
liutingyuan,刘廷元,,献之,工部尚书,名臣名将,portrait_liutingyuan.png
liuzhixuan,刘志选,,可选,南京右佥都御史,名臣名将,portrait_liuzhixuan.png
liugang,刘纲,,,知州,名臣名将,portrait_liugang.png
liuzhao,刘诏,,如纶,兵部尚书兼右副都御史,名臣名将,portrait_liuzhao.png
luqian,卢谦,,,御史,名臣名将,portrait_luqian.png
lvkun,吕坤,,,刑部侍郎,名臣名将,portrait_lvkun.png
wudianbang,吴殿邦,,彤贶、尔达,尚宝卿,名臣名将,portrait_wudianbang.png
wuchunfu,吴淳夫,,斯凝、复东,工部尚书,名臣名将,portrait_wuchunfu.png
wubing,吴炳,,,福州府知府,名臣名将,portrait_wubing.png
zhouyingqiu,周应秋,,茂寔,吏部尚书,名臣名将,portrait_zhouyingqiu.png
zhouyongchun,周永春,,孟泰,辽东巡抚,名臣名将,portrait_zhouyongchun.png
zhouweichi,周维持,,,又言兵部尚书,名臣名将,portrait_zhouweichi.png
zhoudaodeng,周道登,,文岸,礼部尚书兼东阁大学士,名臣名将,portrait_zhoudaodeng.png
xiajiayu,夏嘉遇,,,直隶保定府推官,名臣名将,portrait_xiajiayu.png
jiangyinglin,姜应麟,,,士,名臣名将,portrait_jiangyinglin.png
menghuali,孟化鲤,,,补户部主事,名臣名将,portrait_menghuali.png
guanbingzhong,官秉忠,,,总兵官,名臣名将,portrait_guanbingzhong.png
youjixian,尤继先,,,总兵官,名臣名将,portrait_youjixian.png
cuichengxiu,崔呈秀,,钟岳,兵部尚书,名臣名将,portrait_cuichengxiu.png
zuoguangdou,左光斗,,,赠右都御史,名臣名将,portrait_zuoguangdou.png
zhangbojing,张伯鲸,,瀚伯,兵部左侍郎,名臣名将,portrait_zhangbojing.png
zhangguangqian,张光前,,,知县,名臣名将,portrait_zhangguangqian.png
zhangyangmeng,张养蒙,,,左副都御史,名臣名将,portrait_zhangyangmeng.png
zhangkeda,张可大,,,都督,名臣名将,portrait_zhangkeda.png
zhangmingshi,张名世,,今我,总兵官,名臣名将,portrait_zhangmingshi.png
zhangjimeng,张继孟,,,浙江承宣布政使,名臣名将,portrait_zhangjimeng.png
zhangyao-2,张耀,,,指挥使,名臣名将,portrait_zhangyao_2.png
zhangzhifa,张至发,,圣鹄,内阁首辅,名臣名将,portrait_zhangzhifa.png
zhangwenda,张问达,,德允,吏部尚书,名臣名将,portrait_zhangwenda.png
zhangheming,张鹤鸣,,元平,江西道试御史,名臣名将,portrait_zhangheming.png
xuzhonghang,徐中行,,,文学家,名臣名将,portrait_xuzhonghang.png
xudahua,徐大化,,文明,工部尚书,名臣名将,portrait_xudahua.png
fangcongzhe,方从哲,,汝愚,内阁首辅,名臣名将,portrait_fangcongzhe.png
zhiding,智铤,,定甫,山西参议,名臣名将,portrait_zhiding.png
caoqincheng,曹钦程,,二美,太仆寺少卿,名臣名将,portrait_caoqincheng.png
liyangde,李养德,,涵初,工部尚书,名臣名将,portrait_liyangde.png
lihualong,李化龙,,,兵部尚书,名臣名将,portrait_lihualong.png
likuilong,李夔龙,,继赓,左副都御史,名臣名将,portrait_likuilong.png
lihuaixin,李怀信,,,左都督,名臣名将,portrait_lihuaixin.png
libiao,李标,,,内阁首辅,名臣名将,portrait_libiao.png
lizhi-2,李植,,,江西道御史,名臣名将,portrait_lizhi_2.png
liruhua,李汝华,,茂夫,河南承宣布政使,名臣名将,portrait_liruhua.png
liyi-3,李沂,,,吏科给事中,名臣名将,portrait_liyi_3.png
lijizhen,李继贞,,征尹,天津巡抚,名臣名将,portrait_lijizhen.png
liweihan,李维翰,,思伯,辽东巡抚,名臣名将,portrait_liweihan.png
lichanggeng,李长庚,,,巡抚,名臣名将,portrait_lichanggeng.png
dutong,杜桐,,来仪,右佥都御史,名臣名将,portrait_dutong.png
yangsuoxiu,杨所修,,修白,副都御史,名臣名将,portrait_yangsuoxiu.png
yangwenyue,杨文岳,,斗望,士,名臣名将,portrait_yangwenyue.png
yangmenggun,杨梦衮,,岱宗,一品夫人亡妻王,名臣名将,portrait_yangmenggun.png
linlanyou,林兰友,,,江西巡抚,名臣名将,portrait_linlanyou.png
chaiguozhu,柴国柱,,,来跟随参将,名臣名将,portrait_chaiguozhu.png
liangtingdong,梁廷栋,,无它,兵部尚书,名臣名将,portrait_liangtingdong.png
liangmenghuan,梁梦环,,永连,太仆寺少卿,名臣名将,portrait_liangmenghuan.png
fanyiheng,樊一蘅,,,南明时总督,名臣名将,portrait_fanyiheng.png
shenyoulong,沈犹龙,,云升,总督两广军务兼广东巡抚,名臣名将,portrait_shenyoulong.png
hongwenheng,洪文衡,,,户部主事,名臣名将,portrait_hongwenheng.png
wentiren,温体仁,,长卿,内阁首辅,名臣名将,portrait_wentiren.png
wangsanshan,王三善,,,在贵州巡抚,名臣名将,portrait_wangsanshan.png
wangzhichen,王之臣,,荩伯,乙未科进士,名臣名将,portrait_wangzhichen.png
wangyuncheng,王允成,,,御史,名臣名将,portrait_wangyuncheng.png
wanghuazhen,王化贞,,元起,辽东巡抚,名臣名将,portrait_wanghuazhen.png
wangtu,王图,,,礼部尚书,名臣名将,portrait_wangtu.png
wangqia,王洽,,,巡抚,名臣名将,portrait_wangqia.png
wangzuoyuan,王祚远,,无近,吏部尚书,名臣名将,portrait_wangzuoyuan.png
wangji-3,王纪,,,直隶华亭县知县,名臣名将,portrait_wangji_3.png
wangshaohui,王绍徽,,嗣音,吏部尚书,名臣名将,portrait_wangshaohui.png
tiandayi,田大益,,,钟祥县知县,名臣名将,portrait_tiandayi.png
baiyu,白瑜,,,给事中,名臣名将,portrait_baiyu.png
shisanwei,石三畏,,子知,御史,名臣名将,portrait_shisanwei.png
chengwende,程文德,,,浙江承宣布政使,名臣名将,portrait_chengwende.png
tongzhongkui,童仲揆,,,辽东经略袁应泰命总兵,名臣名将,portrait_tongzhongkui.png
lianguoshi,练国事,,君豫,兵部左侍郎加尚书,名臣名将,portrait_lianguoshi.png
luoyiguan,罗一贯,,,巡抚,名臣名将,portrait_luoyiguan.png
wengzhengchun,翁正春,,,礼部尚书,名臣名将,portrait_wengzhengchun.png
ainanying,艾南英,,,给事中,名臣名将,portrait_ainanying.png
xiaoruxun,萧如薰,,季馨,都督,名臣名将,portrait_xiaoruxun.png
caifuyi,蔡复一,,,总督,名臣名将,portrait_caifuyi.png
caimaode,蔡懋德,,,巡抚,名臣名将,portrait_caimaode.png
xueguoyong,薛国用,,任卿,兵部右侍郎,名臣名将,portrait_xueguoyong.png
xueguoguan,薛国观,,家相,内阁首辅,名臣名将,portrait_xueguoguan.png
xuezhen,薛贞,,德纯,巡抚,名臣名将,portrait_xuezhen.png
yuanyingtai,袁应泰,,大来,至右佥都御史,名臣名将,portrait_yuanyingtai.png
yuanjing,袁鲸,,石麟,都察院左副都御史,名臣名将,portrait_yuanjing.png
xiejie,谢杰,,,福建乡试第六十二名举人,名臣名将,portrait_xiejie.png
herenlong,贺人龙,,,兴平伯,名臣名将,portrait_herenlong.png
jiajichun,贾继春,,,监察御史,名臣名将,portrait_jiajichun.png
zhaoyan,赵彦,,,登三甲第一百零四名进士,名臣名将,portrait_zhaoyan.png
shaofuzhong,邵辅忠,,,兵部尚书,名臣名将,portrait_shaofuzhong.png
zhengsanjun,郑三俊,,,吏部尚书,名臣名将,portrait_zhengsanjun.png
zhengchongjian,郑崇俭,,大章,总督,名臣名将,portrait_zhengchongjian.png
qianyiben,钱一本,,,庐陵知县,名臣名将,portrait_qianyiben.png
yanmingtai,阎鸣泰,,,兵部尚书,名臣名将,portrait_yanmingtai.png
lumenglong,陆梦龙,,,河南左参议,名臣名将,portrait_lumenglong.png
qingwensheng,青文胜,,,龙阳典史,名臣名将,portrait_qingwensheng.png
gubingqian,顾秉谦,,六吉,中极殿大学士,名臣名将,portrait_gubingqian.png
yanriyu,颜日愉,,,南阳知县,名臣名将,portrait_yanriyu.png
mashiying,马士英,,,兵部尚书,名臣名将,portrait_mashiying.png
makongying,马孔英,,,都督,名臣名将,portrait_makongying.png
gaodi,高第,,,长洲县知县,名臣名将,portrait_gaodi.png
fuhaoli,傅好礼,,,监察御史,名臣名将,portrait_fuhaoli.png
fengmenglong,冯梦龙,,犹龙、耳犹、子犹,文学家,名臣名将,portrait_fengmenglong.png
kongzhenyun,孔贞运,,,翰林院编修,名臣名将,portrait_kongzhenyun.png
wenzhenmeng,文震孟,,文启，或作文起,礼部左侍郎兼东阁大学士,名臣名将,portrait_wenzhenmeng.png
libanghua,李邦华,,孟暗,兵部尚书,名臣名将,portrait_libanghua.png
jiangduo,江铎,,,偏沅巡抚,名臣名将,portrait_jiangduo.png
wangdaochun,王道纯,,,登二甲第六十六名进士,名臣名将,portrait_wangdaochun.png
caishiding,蔡时鼎,,,尚书,名臣名将,portrait_caishiding.png
xingdong,邢侗,,,山西道监察御史,名臣名将,portrait_xingdong.png
guoweixian,郭惟贤,,,在德安府的景王,名臣名将,portrait_guoweixian.png
zhongxing,钟惺,,伯敬,文学家,名臣名将,portrait_zhongxing.png
caoxuequan,曹学佺,,,藏书家,名臣名将,portrait_caoxuequan.png
qianshisheng,钱士升,,抑之,礼部尚书兼东阁大学士,名臣名将,portrait_qianshisheng.png
weidazhong,魏大中,,孔时,同进士,名臣名将,portrait_weidazhong.png
jiangzhili,姜志礼,,,尚宝少卿,名臣名将,portrait_jiangzhili.png
yangdaobin,杨道宾,,,赠礼部尚书,名臣名将,portrait_yangdaobin.png
maowenlong,毛文龙,,,平辽总兵官,名臣名将,portrait_maowenlong.png
fengjinglong,冯景隆,,,并论救御史,名臣名将,portrait_fengjinglong.png
wudake,吴达可,,,大学士,名臣名将,portrait_wudake.png
sunwei,孙玮,,,巡抚,名臣名将,portrait_sunwei.png
zhangshenyan,张慎言,,金铭,吏部尚书,名臣名将,portrait_zhangshenyan.png
xushiqi,徐石麒,,宝摩,吏部尚书,名臣名将,portrait_xushiqi.png
zhuweijing,朱维京,,,三王,名臣名将,portrait_zhuweijing.png
liyingxiang,李应祥,,,登三甲第一百一十七名进士,名臣名将,portrait_liyingxiang.png
jiangdongzhi,江东之,,,巡抚,名臣名将,portrait_jiangdongzhi.png
yuanhuazhong,袁化中,,民谐,御史,名臣名将,portrait_yuanhuazhong.png
weiyunzhen,魏允贞,,,大学士,名臣名将,portrait_weiyunzhen.png
liuzongzhou,刘宗周,,起东，一作启东,都察院左都御史,名臣名将,portrait_liuzongzhou.png
wangxiangchun,王象春,,季木,诗人,名臣名将,portrait_wangxiangchun.png
yaoximeng,姚希孟,,孟长,文学家,名臣名将,portrait_yaoximeng.png
caoxuecheng,曹学程,,,御史,名臣名将,portrait_caoxuecheng.png
shenyourong,沈有容,,,世荫千户,名臣名将,portrait_shenyourong.png
xiongmingyu,熊明遇,,良孺、子良,兵部尚书,名臣名将,portrait_xiongmingyu.png
wangdewan,王德完,,,左佥都御史,名臣名将,portrait_wangdewan.png
caiguoyong,蔡国用,,正甫,同进士,名臣名将,portrait_caiguoyong.png
zhushouxian,诸寿贤,,,会南畿督学御史房寰连疏参奏都御史,名臣名将,portrait_zhushouxian.png
xiesheng,谢升,,伊晋,御史,名臣名将,portrait_xiesheng.png
qianlongxi,钱龙锡,,,礼部尚书,名臣名将,portrait_qianlongxi.png
qiaobixing,乔璧星,,,四川巡抚,名臣名将,portrait_qiaobixing.png
yukongjian,于孔兼,,,三王,名臣名将,portrait_yukongjian.png
yuyinggui,余应桂,,,兵部侍郎兼右佥都御史督师,名臣名将,portrait_yuyinggui.png
lingmengchu,凌濛初,,字玄房，一字彼厈,文学家,名臣名将,portrait_lingmengchu.png
jiangshichang,姜士昌,,,员外郎,名臣名将,portrait_jiangshichang.png
limaogui,李懋桧,,,刑部员外郎,名臣名将,portrait_limaogui.png
yangjingchen,杨景辰,,载甫,士,名臣名将,portrait_yangjingchen.png
panshiwen,潘士闻,,君宝,嘉定知县,名臣名将,portrait_panshiwen.png
xiongwencan,熊文灿,,太蒙,兵部尚书,名臣名将,portrait_xiongwencan.png
fanfucui,范复粹,,玉坡,吏部尚书,名臣名将,portrait_fanfucui.png
zhonghuamin,钟化民,,,浙江承宣布政使,名臣名将,portrait_zhonghuamin.png
hewuzou,何吾驺,,龙友、瑞虎,大学士,名臣名将,portrait_hewuzou.png
sunyuanhua,孙元化,,初阳,登莱巡抚,名臣名将,portrait_sunyuanhua.png
zhudadian,朱大典,,延之,东阁大学士兼兵部尚书,名臣名将,portrait_zhudadian.png
chenrenxi,陈仁锡,,,翰林院编修,名臣名将,portrait_chenrenxi.png
liulishun,刘理顺,,复礼,中一甲一名进士,名臣名将,portrait_liulishun.png
wubaoxiu,吴宝秀,,,南康府知府,名臣名将,portrait_wubaoxiu.png
zhouzongjian,周宗建,,季侯,尚书,名臣名将,portrait_zhouzongjian.png
panzongyan,潘宗颜,,士瓒,节愍,名臣名将,portrait_panzongyan.png
wanguoqin,万国钦,,,江西承宣布政使,名臣名将,portrait_wanguoqin.png
hexuan,何选,,,十月考选湖广道试御史,名臣名将,portrait_hexuan.png
mengyanghao,孟养浩,,,给事中,名臣名将,portrait_mengyanghao.png
cuijingrong,崔景荣,,,巡抚,名臣名将,portrait_cuijingrong.png
zhangzhenguan,张贞观,,,追赠太常寺少卿,名臣名将,portrait_zhangzhenguan.png
zhuguozuo,朱国祚,,,户部尚书,名臣名将,portrait_zhuguozuo.png
lixianke,李献可,,,除武昌推官,名臣名将,portrait_lixianke.png
yangxun,杨恂,,,户科都给事中,名臣名将,portrait_yangxun.png
lincai,林材,,,会御史,名臣名将,portrait_lincai.png
fanyuheng,樊玉衡,,,经过大学士,名臣名将,portrait_fanyuheng.png
guoshi,郭实,,,御史王麟趾因参劾湖广巡抚,名臣名将,portrait_guoshi.png
guozhengyu,郭正域,,,礼部尚书,名臣名将,portrait_guozhengyu.png
luoyuren,雒于仁,,,赠光禄少卿,名臣名将,portrait_luoyuren.png
guyuncheng,顾允成,,,礼部主事,名臣名将,portrait_guyuncheng.png
raoshen,饶伸,,,刑部左侍郎,名臣名将,portrait_raoshen.png
gaohongtu,高弘图,,,内阁首辅,名臣名将,portrait_gaohongtu.png
liuchongqing,刘重庆,,耳枝,户部右侍郎,名臣名将,portrait_liuchongqing.png
zhoushunchang,周顺昌,,景文,福州府推官,名臣名将,portrait_zhoushunchang.png
jiangdejing,蒋德璟,,,士,名臣名将,portrait_jiangdejing.png
yuanchonghuan,袁崇焕,,元素,蓟辽督师,名臣名将,portrait_yuanchonghuan.png
mashiqi,马世奇,,君常,左春坊左庶子,名臣名将,portrait_mashiqi.png
huangzunsu,黄尊素,,真长,御史,名臣名将,portrait_huangzunsu.png
pengzungu,彭遵古,,,会南畿督学御史房寰连疏参奏都御史,名臣名将,portrait_pengzungu.png
zhuwubi,朱吾弼,,,御史,名臣名将,portrait_zhuwubi.png
wangrujian,王如坚,,,刑科给事中,名臣名将,portrait_wangrujian.png
hukejian,胡克俭,,,河南承宣布政使,名臣名将,portrait_hukejian.png
chenlongzheng,陈龙正,,惕龙,中书舍人,名臣名将,portrait_chenlongzheng.png
taowangling,陶望龄,,,文学家,名臣名将,portrait_taowangling.png
huoweihua,霍维华,,应庚、钟西,至兵部尚书,名臣名将,portrait_huoweihua.png
macongpin,马从聘,,,延绥巡抚,名臣名将,portrait_macongpin.png
majinglun,马经纶,,,监察御史,名臣名将,portrait_majinglun.png
huangdaozhou,黄道周,,幼平,礼部尚书,名臣名将,portrait_huangdaozhou.png
heiyunlong,黑云龙,,从吾,副总兵,名臣名将,portrait_heiyunlong.png
jiti,冀体,,,山东滋阳县知县,名臣名将,portrait_jiti.png
fengyuanyang,冯元飏,,爾賡，元冲、元仲,天津巡抚,名臣名将,portrait_fengyuanyang.png
lumingzou,卢明诹,,,户科右给事中,名臣名将,portrait_lumingzou.png
wuhongji,吴弘济,,,知县,名臣名将,portrait_wuhongji.png
tangwenxian,唐文献,,,荆州推官,名臣名将,portrait_tangwenxian.png
anxifan,安希范,,,礼部主事,名臣名将,portrait_anxifan.png
wangjiuxue,王就学,,,礼部仪制司员外郎,名臣名将,portrait_wangjiuxue.png
luodahong,罗大纮,,,御史,名臣名将,portrait_luodahong.png
chendaoheng,陈道亨,,,二年十月拜南京兵部尚书,名臣名将,portrait_chendaoheng.png
songyingxing,宋应星,,长庚,科学技术著述家,名臣名将,portrait_songyingxing.png
fanjingwen,范景文,,梦章,兵部尚书,名臣名将,portrait_fanjingwen.png
hefengsheng,贺逢圣,,克繇,翰林院编修,名臣名将,portrait_hefengsheng.png
huayuncheng,华允诚,,汝立,工部员外,名臣名将,portrait_huayuncheng.png
sunjuxiang,孙居相,,,总督,名臣名将,portrait_sunjuxiang.png
yangsichang,杨嗣昌,,子微、文弱,礼部尚书兼东阁大学士,名臣名将,portrait_yangsichang.png
wangruolin,汪若霖,,,保定知府,名臣名将,portrait_wangruolin.png
wangbao-2,王保,,,署都督,名臣名将,portrait_wangbao_2.png
wangjiayan,王家彦,,开美,兵部右侍郎,名臣名将,portrait_wangjiayan.png
liuyuening,刘曰宁,,,礼部右侍郎,名臣名将,portrait_liuyuening.png
baojianjie,包见捷,,,兴业县知县,名臣名将,portrait_baojianjie.png
yemaocai,叶茂才,,,太仆寺少卿,名臣名将,portrait_yemaocai.png
wushen,吴甡,,,晋江及山东潍县知县,名臣名将,portrait_wushen.png
daishiheng,戴士衡,,,南京工部尚书,名臣名将,portrait_daishiheng.png
yangtianmin,杨天民,,,除朝城县知县,名臣名将,portrait_yangtianmin.png
ouyangdongfeng,欧阳东凤,,,兴化知县,名臣名将,portrait_ouyangdongfeng.png
shenjingkai,沈儆炌,,,巡抚,名臣名将,portrait_shenjingkai.png
wangyingxiong,王应熊,,非熊,御史,名臣名将,portrait_wangyingxiong.png
donghanru,董汉儒,,,兵部尚书,名臣名将,portrait_donghanru.png
xuefujiao,薛敷教,,,己丑进士,名臣名将,portrait_xuefujiao.png
luzhongli,逯中立,,,兵科右给事中,名臣名将,portrait_luzhongli.png
chenyouxue,陈幼学,,,历员外郎,名臣名将,portrait_chenyouxue.png
chenliangmo,陈良谟,,士亮、宾日,四川道监察御史,名臣名将,portrait_chenliangmo.png
huanghui,黄辉,,,少詹事兼侍读学士,名臣名将,portrait_huanghui.png
qushisi,瞿式耜,,起田,武英殿大学士兼吏兵二部尚书,名臣名将,portrait_qushisi.png
luzhenfei,路振飞,,见白,总督,名臣名将,portrait_luzhenfei.png
chenqiyu,陈奇瑜,,玉铉，一字正学,延绥巡抚,名臣名将,portrait_chenqiyu.png
yumaoheng,余懋衡,,,南京吏部尚书,名臣名将,portrait_yumaoheng.png
houdongceng,侯峒曾,,豫瞻,给事中,名臣名将,portrait_houdongceng.png
caoyubian,曹于汴,,,太子太保安邑曹公,名臣名将,portrait_caoyubian.png
wengxianxiang,翁宪祥,,,吏部尚书,名臣名将,portrait_wengxianxiang.png
dongyingju,董应举,,,的举人,名臣名将,portrait_dongyingju.png
qiaoyunsheng,乔允升,,,万历进士,名臣名将,portrait_qiaoyunsheng.png
hetengjiao,何腾蛟,,云从,中湘王,名臣名将,portrait_hetengjiao.png
zhuxieyuan,朱燮元,,,兵部尚书贵州总督,名臣名将,portrait_zhuxieyuan.png
litengfang,李腾芳,,,礼部右侍郎,名臣名将,portrait_litengfang.png
tangzhaojing,汤兆京,,,蓟辽总督,名臣名将,portrait_tangzhaojing.png
lingyiqu,凌义渠,,,大理寺卿,名臣名将,portrait_lingyiqu.png
zhouyanru,周延儒,,玉绳,内阁首辅,名臣名将,portrait_zhouyanru.png
zhujizuo,朱继祚,,立望,忠节,名臣名将,portrait_zhujizuo.png
liyingsheng,李应升,,仲达,福建道监察御史,名臣名将,portrait_liyingsheng.png
hongchengchou,洪承畴,,彦演,蓟辽总督,名臣名将,portrait_hongchengchou.png
chenyan,陈演,,发圣,户部尚书,名臣名将,portrait_chenyan.png
houzhenyang,侯震旸,,,行人,名臣名将,portrait_houzhenyang.png
niyuanlu,倪元璐,,汝玉，玉汝,户部尚书兼翰林院学士,名臣名将,portrait_niyuanlu.png
shijiyan,史记言,,,户部主事,名臣名将,portrait_shijiyan.png
sunzhenji,孙振基,,,黄县知县,名臣名将,portrait_sunzhenji.png
shentingyang,沈廷扬,,季明,兵部右侍郎兼户部左侍郎,名臣名将,portrait_shentingyang.png
gaodoushu,高斗枢,,象先,书法家,名臣名将,portrait_gaodoushu.png
dingqirui,丁启睿,,性如,督师,名臣名将,portrait_dingqirui.png
hezongyan,何宗彦,,,楚府武岗王,名臣名将,portrait_hezongyan.png
liuyuanzhen,刘元珍,,,上疏抨击大学士,名臣名将,portrait_liuyuanzhen.png
huayu,华钰,,,壬戌用都御史,名臣名将,portrait_huayu.png
sunruyou,孙如游,,,大学士,名臣名将,portrait_sunruyou.png
sunshenxing,孙慎行,,,礼部尚书,名臣名将,portrait_sunshenxing.png
zhangguowei,张国维,,其四,巡抚,名臣名将,portrait_zhangguowei.png
xuruke,徐如珂,,,一级徐公,名臣名将,portrait_xuruke.png
wangqiaonian,汪乔年,,岁星,忠烈,名臣名将,portrait_wangqiaonian.png
wangweijian,王惟俭,,,佥都御史,名臣名将,portrait_wangweijian.png
miwanzhong,米万锺,,,书画家,名臣名将,portrait_miwanzhong.png
xiaojingao,萧近高,,,乙未科进士,名臣名将,portrait_xiaojingao.png
zhengzhilong,郑芝龙,,曰甲,海防游击,名臣名将,portrait_zhengzhilong.png
gaobangzuo,高邦佐,,,巡抚,名臣名将,portrait_gaobangzuo.png
fengquan,冯铨,,伯衡、振鹭,户部尚书,名臣名将,portrait_fengquan.png
xiayunyi,夏允彝,,彝仲,吏部考功司主事,名臣名将,portrait_xiayunyi.png
chenzizhuang,陈子壮,,集生,东阁大学士兼兵部尚书,名臣名将,portrait_chenzizhuang.png
huangjingfang,黄景昉,,太稚（穉）,户部尚书,名臣名将,portrait_huangjingfang.png
zhangdai,张岱,,字宗子，又字石公,三代进士,名臣名将,portrait_zhangdai.png
fangyuegong,方岳贡,,四长,左副都御史,名臣名将,portrait_fangyuegong.png
fangfengnian,方逢年,,书田,东阁大学士兼礼部尚书,名臣名将,portrait_fangfengnian.png
huangbinqing,黄斌卿,,明辅，虎痴,舟山总兵,名臣名将,portrait_huangbinqing.png
heshijin,何士晋,,,总督,名臣名将,portrait_heshijin.png
heruchong,何如宠,,,户部尚书,名臣名将,portrait_heruchong.png
yinshen,尹伸,,,四川承宣布政使,名臣名将,portrait_yinshen.png
cuiruxiu,崔儒秀,,,补绛州知州,名臣名将,portrait_cuiruxiu.png
shengyihong,盛以弘,,,礼部尚书,名臣名将,portrait_shengyihong.png
mamengzhen,马孟祯,,,监察御史,名臣名将,portrait_mamengzhen.png
wuganlai,吴甘来,,,户科都给事中,名臣名将,portrait_wuganlai.png
zuoliangyu,左良玉,,,宁南伯,名臣名将,portrait_zuoliangyu.png
xiongkaiyuan,熊开元,,玄年,东阁大学士兼右副都御史,名臣名将,portrait_xiongkaiyuan.png
lixiangsheng,卢象升,,建斗,兵部尚书,名臣名将,portrait_lixiangsheng.png
lipu,李朴,,,府推官,名臣名将,portrait_lipu.png
tongyuanzhen,童元镇,,,都督,名臣名将,portrait_tongyuanzhen.png
hetingkui,何廷魁,,,泾县知县,名臣名将,portrait_hetingkui.png
gongnai,公鼐,,,山东承宣布政使,名臣名将,portrait_gongnai.png
liuce,刘策,,,保定府新城县知县,名臣名将,portrait_liuce.png
nanjuyi,南居益,,,广平府知府,名臣名将,portrait_nanjuyi.png
shikefa,史可法,,宪之,兵部尚书,名臣名将,portrait_shikefa.png
duyinxi,堵胤锡,,仲缄、牧子,武英殿大学士,名臣名将,portrait_duyinxi.png
songdao,宋焘,,,巡抚,名臣名将,portrait_songdao.png
zhangmingzhen,张名振,,侯服,定西侯,名臣名将,portrait_zhangmingzhen.png
zhengyiwei,郑以伟,,,礼部尚书,名臣名将,portrait_zhengyiwei.png
qianxiangkun,钱象坤,,,同进士,名臣名将,portrait_qianxiangkun.png
chenboyou,陈伯友,,,御史,名臣名将,portrait_chenboyou.png
xucongzhi,徐从治,,,浙江承宣布政使,名臣名将,portrait_xucongzhi.png
shenjiayin,申佳胤,,孔嘉,太仆寺丞,名臣名将,portrait_shenjiayin.png
qibiaojia,祁彪佳,,虎子，幼文，宏吉,巡抚应天等处都察院右佥都御史,名臣名将,portrait_qibiaojia.png
chenbangyan,陈邦彦,,令斌,兵科给事中,名臣名将,portrait_chenbangyan.png
zhoubingmo,周炳谟,,,追赠礼部尚书,名臣名将,portrait_zhoubingmo.png
sunjiaji,孙嘉绩,,辅之,兵部尚书,名臣名将,portrait_sunjiaji.png
liruoxing,李若星,,,贵州巡抚,名臣名将,portrait_liruoxing.png
yanghe,杨鹤,,,陕西总督,名臣名将,portrait_yanghe.png
meizhihuan,梅之焕,,,巡抚,名臣名将,portrait_meizhihuan.png
manchaojian,满朝荐,,,大学士,名臣名将,portrait_manchaojian.png
chengguoxiang,程国祥,,,户部尚书,名臣名将,portrait_chengguoxiang.png
difengchong,翟凤翀,,,丘县等知县,名臣名将,portrait_difengchong.png
weizaode,魏藻德,,师令,庚午科第二十三名举人,名臣名将,portrait_weizaode.png
zhangwenyun,张文运,,,河南修武县知县,名臣名将,portrait_zhangwenyun.png
zhangyiming,张翼明,,,大同巡抚,名臣名将,portrait_zhangyiming.png
yiyingchang,易应昌,,,少卿,名臣名将,portrait_yiyingchang.png
zhujiamin,朱家民,,,涪州知州,名臣名将,portrait_zhujiamin.png
hupingbiao,胡平表,,,重庆府推官,名臣名将,portrait_hupingbiao.png
maxi,麻僖,,,同进士,名臣名将,portrait_maxi.png
zhouchaorui,周朝瑞,,,吏科给事中,名臣名将,portrait_zhouchaorui.png
jiangcai,姜埰,,如农；卿墅,礼科给事中,名臣名将,portrait_jiangcai.png
yanglian-2,杨涟,,,太子太保谥忠烈杨公,名臣名将,portrait_yanglian_2.png
zouweilian,邹维琏,,,福建巡抚,名臣名将,portrait_zouweilian.png
zhengguochang,郑国昌,,,户部主事,名臣名将,portrait_zhengguochang.png
qiansule,钱肃乐,,希声,吏部尚书,名臣名将,portrait_qiansule.png
ludashou,陆大受,,,御史,名臣名将,portrait_ludashou.png
gudazhang,顾大章,,,泉州府推官,名臣名将,portrait_gudazhang.png
wusangui,吴三桂,,素存、长伯(又作长白，一字月先),明辽东总兵,名臣名将,portrait_wusangui.png
zhangtongchang,张同敞,,仍高,江陵伯,名臣名将,portrait_zhangtongchang.png
chenzilong,陈子龙,,卧子,文学家,名臣名将,portrait_chenzilong.png
zhuwannian,朱万年,,,莱州府知府,名臣名将,portrait_zhuwannian.png
jiangbingqian,江秉谦,,,监察御史,名臣名将,portrait_jiangbingqian.png
jiaoyuanpu,焦源溥,,,浚县知县,名臣名将,portrait_jiaoyuanpu.png
zhangyundeng,张允登,,,杀知县,名臣名将,portrait_zhangyundeng.png
zhangzhenxiu,张振秀,,,太常寺少卿,名臣名将,portrait_zhangzhenxiu.png
zhangbingwen,张秉文,,,户部主事,名臣名将,portrait_zhangbingwen.png
lixikong,李希孔,,,累官南京御史,名臣名将,portrait_lixikong.png
wangsilun,汪泗论,,,监察御史,名臣名将,portrait_wangsilun.png
wangzhijian,王志坚,,,诗人,名臣名将,portrait_wangzhijian.png
huangzongxi,黄宗羲,,太冲,思想家,名臣名将,portrait_huangzongxi.png
fuchaoyou,傅朝佑,,,壬戌科进士,名臣名将,portrait_fuchaoyou.png
linzhaoding,林兆鼎,,,四川遵义参将,名臣名将,portrait_linzhaoding.png
maoshilong,毛士龙,,,尚书,名臣名将,portrait_maoshilong.png
tianshizhen,田时震,,,顺天巡抚,名臣名将,portrait_tianshizhen.png
lvweiqi,吕维祺,,,总督,名臣名将,portrait_lvweiqi.png
zhoushipu,周士朴,,,曲沃县知县,名臣名将,portrait_zhoushipu.png
fangzhenru,方震孺,,,巡抚,名臣名将,portrait_fangzhenru.png
lirixuan,李日宣,,,忤大学士,名臣名将,portrait_lirixuan.png
luoyuyi,罗喻义,,,湖广承宣布政使,名臣名将,portrait_luoyuyi.png
jiexuelong,解学龙,,,巡抚,名臣名将,portrait_jiexuelong.png
douren,都任,,,有巡按御史,名臣名将,portrait_douren.png
chenzubao,陈祖苞,,,顺天巡抚,名臣名将,portrait_chenzubao.png
qiaoruowen,乔若雯,,,御史,名臣名将,portrait_qiaoruowen.png
hexie,何燮,,,乙卯科举人,名臣名将,portrait_hexie.png
guanyongjie,关永杰,,,督师,名臣名将,portrait_guanyongjie.png
wuzhiyu,吴执御,,,劾吏部尚书,名臣名将,portrait_wuzhiyu.png
zhouzhimao,周之茂,,,淮安知府,名臣名将,portrait_zhouzhimao.png
lizhongzheng,李中正,,,兵部主事,名臣名将,portrait_lizhongzheng.png
shenchenquan,沈宸荃,,友孙,东阁大学士兼工部尚书,名臣名将,portrait_shenchenquan.png
zhanerxuan,詹尔选,,,给事中,名臣名将,portrait_zhanerxuan.png
jinyudong,金毓峒,,,户部尚书,名臣名将,portrait_jinyudong.png
wanjing,万燝,,,刑部主事,名臣名将,portrait_wanjing.png
fengshikong,冯师孔,,,陕西巡抚,名臣名将,portrait_fengshikong.png
liuzhifeng,刘之凤,,,累迁刑部尚书,名臣名将,portrait_liuzhifeng.png
songshixiang,宋师襄,,,天启年间官监察御史,名臣名将,portrait_songshixiang.png
zhangqiping,张其平,,,巡抚,名臣名将,portrait_zhangqiping.png
zhangjiayu,张家玉,,元子、玄子,右佥都御史,名臣名将,portrait_zhangjiayu.png
zhangweishi,张维世,,,河南承宣布政使,名臣名将,portrait_zhangweishi.png
xudaxiang,徐大相,,,大相与尚书,名臣名将,portrait_xudaxiang.png
fangkongzhao,方孔炤,,,嘉定州知州,名臣名将,portrait_fangkongzhao.png
caoguang,曹珖,,,工部尚书,名臣名将,portrait_caoguang.png
cengying,曾樱,,,蓟辽总督,名臣名将,portrait_cengying.png
zhuwanling,祝万龄,,,陕西承宣布政使,名臣名将,portrait_zhuwanling.png
jiangyunyi,蒋允仪,,,御史,名臣名将,portrait_jiangyunyi.png
xuyuqing,许誉卿,,,浙江金华府推官,名臣名将,portrait_xuyuqing.png
wuzhenyu,吴贞毓,,,密使员外郎,名臣名将,portrait_wuzhenyu.png
tangshiming,唐时明,,,河南承宣布政使,名臣名将,portrait_tangshiming.png
xushichun,徐世淳,,,建德教谕,名臣名将,portrait_xushichun.png
wangguoxun,王国训,,,山西承宣布政使,名臣名将,portrait_wangguoxun.png
xushirou,许士柔,,,同进士,名臣名将,portrait_xushirou.png
heshixian,贺世贤,,,副总兵,名臣名将,portrait_heshixian.png
gaozhuo,高倬,,,蓟辽总督,名臣名将,portrait_gaozhuo.png
jiangyueguang,姜曰广,,,士,名臣名将,portrait_jiangyueguang.png
shibangyao,施邦曜,,,漳州知府,名臣名将,portrait_shibangyao.png
guxichou,顾锡畴,,,士,名臣名将,portrait_guxichou.png
yanjizu,颜继祖,,,巡抚,名臣名将,portrait_yanjizu.png
zhanghuangyan,张煌言,,玄著,东阁大学士兼兵部尚书,名臣名将,portrait_zhanghuangyan.png
hekegang,何可纲,,承渠,经历,名臣名将,portrait_hekegang.png
liuzhilun,刘之纶,,,朝廷才追赠尚书,名臣名将,portrait_liuzhilun.png
luchengqin,卢承钦,,,命御史,名臣名将,portrait_luchengqin.png
wulinzheng,吴麟征,,圣生、耒皇,太常少卿,名臣名将,portrait_wulinzheng.png
sunshimei,孙士美,,,知县,名臣名将,portrait_sunshimei.png
mengzhaoxiang,孟兆祥,,允吉,刑部右侍郎,名臣名将,portrait_mengzhaoxiang.png
zhangsizhi,张四知,,伯廉,武英殿大学士,名臣名将,portrait_zhangsizhi.png
zhangkunfang,张焜芳,,,南平知县,名臣名将,portrait_zhangkunfang.png
zhangkentang,张肯堂,,载宁,东阁大学士兼吏部尚书,名臣名将,portrait_zhangkentang.png
xuqian,徐汧,,,戊辰科进士,名臣名将,portrait_xuqian.png
chengyong,成勇,,,御史,名臣名将,portrait_chengyong.png
lijiantai,李建泰,,复余,拜东阁大学士,名臣名将,portrait_lijiantai.png
yangdongming,杨东明,,,刑部侍郎,名臣名将,portrait_yangdongming.png
yangzhaoji,杨肇基,,,左都督,名臣名将,portrait_yangzhaoji.png
linruzhu,林汝翥,,,御史,名臣名将,portrait_linruzhu.png
xiongrulin,熊汝霖,,,兵部尚书,名臣名将,portrait_xiongrulin.png
wangzhihan,王之翰,,,山西承宣布政使,名臣名将,portrait_wangzhihan.png
wangruizhan,王瑞栴,,,职方员外郎,名臣名将,portrait_wangruizhan.png
fanzhiwan,范志完,,,辽东督师,名臣名将,portrait_fanzhiwan.png
xuxianchun,许显纯,,,驸马,名臣名将,portrait_xuxianchun.png
dengfanxi,邓藩锡,,,的举人,名臣名将,portrait_dengfanxi.png
zhengcai,郑彩,,羽公,总兵,名臣名将,portrait_zhengcai.png
chenwance,陈万策,,,国子监博士,名臣名将,portrait_chenwance.png
marujiao,马如蛟,,,监察御史,名臣名将,portrait_marujiao.png
weiliangqing,魏良卿,,,良卿肃宁伯,名臣名将,portrait_weiliangqing.png
luqin,鲁钦,,,都督,名臣名将,portrait_luqin.png
longwenguang,龙文光,,,巡抚,名臣名将,portrait_longwenguang.png
jiwenyin,姬文胤,,,滕县知县,名臣名将,portrait_jiwenyin.png
wenanzhi,文安之,,,诗人,名臣名将,portrait_wenanzhi.png
wangyingzhi,王应豸,,,顺天巡抚,名臣名将,portrait_wangyingzhi.png
wangxigun,王锡衮,,,云南承宣布政使,名臣名将,portrait_wangxigun.png
tianjingyou,田景猷,,,同进士,名臣名将,portrait_tianjingyou.png
mashilong,马世龙,,,游击,名臣名将,portrait_mashilong.png
huangzongchang,黄宗昌,,,知县,名臣名将,portrait_huangzongchang.png
liuxizuo,刘熙祚,,,甲子科应天府举人,名臣名将,portrait_liuxizuo.png
yetingxiu,叶廷秀,,,兵部右侍郎,名臣名将,portrait_yetingxiu.png
zhoubiao,周镳,,,戊辰科进士,名臣名将,portrait_zhoubiao.png
songmei,宋玫,,,中举人,名臣名将,portrait_songmei.png
zhuyongyou,朱永佑,,,甲子科举人,名臣名将,portrait_zhuyongyou.png
gengtinglu,耿廷箓,,,耀州知州,名臣名将,portrait_gengtinglu.png
zhaoguangbian,赵光抃,,,骤得太仆少卿,名臣名将,portrait_zhaoguangbian.png
zhengchenggong,郑成功,,明俨、大木,招讨大将军,名臣名将,portrait_zhengchenggong.png
wanyuanji,万元吉,,,潮州府推官,名臣名将,portrait_wanyuanji.png
hekai,何楷,,,户部主事,名臣名将,portrait_hekai.png
yuhuang,余煌,,,成一甲第一名进士,名臣名将,portrait_yuhuang.png
weijingyuan,卫景瑗,,,大同巡抚,名臣名将,portrait_weijingyuan.png
xubiao,徐标,,,巡抚,名臣名将,portrait_xubiao.png
zhuzhifeng,朱之冯,,,巡抚,名臣名将,portrait_zhuzhifeng.png
wangqiaodong,王乔栋,,,巡抚,名臣名将,portrait_wangqiaodong.png
wangzhengjun,王征俊,,,巡按御史,名臣名将,portrait_wangzhengjun.png
chengliangchou,程良筹,,,文选主事及员外郎,名臣名将,portrait_chengliangchou.png
yuanjixian,袁继咸,,,督师,名臣名将,portrait_yuanjixian.png
qiuyu,邱瑜,,,同进士,名臣名将,portrait_qiuyu.png
guoweijing,郭维经,,,督师,名臣名将,portrait_guoweijing.png
hehuchen,贺虎臣,,,登莱参将,名臣名将,portrait_hehuchen.png
cenghengying,曾亨应,,,吏部主事,名臣名将,portrait_cenghengying.png
duanfuxing,段复兴,,,庆阳推官,名臣名将,portrait_duanfuxing.png
wangzhaokun,王肇坤,,,江西道御史,名臣名将,portrait_wangzhaokun.png
luowanzao,罗万藻,,,祭酒,名臣名将,portrait_luowanzao.png
humengtai,胡梦泰,,,浙江奉化县知县,名臣名将,portrait_humengtai.png
machengming,马成名,,,嘉善县知县,名臣名将,portrait_machengming.png
huangshiqing,黄世清,,,户部主事,名臣名将,portrait_huangshiqing.png
dingtaiyun,丁泰运,,,山西承宣布政使,名臣名将,portrait_dingtaiyun.png
yibangcai,乙邦才,,,副总兵,名臣名将,portrait_yibangcai.png
liuwenbing,刘文炳,,,新乐伯,名臣名将,portrait_liuwenbing.png
liuzeqing,刘泽清,,鹤洲,镇守淮扬等处总兵官,名臣名将,portrait_liuzeqing.png
wuzhongluan,吴钟峦,,峦稚，峻伯,礼部尚书兼右都御史,名臣名将,portrait_wuzhongluan.png
zhoufengxiang,周凤翔,,仪伯,左谕德,名臣名将,portrait_zhoufengxiang.png
zhouyuji,周遇吉,,萃蓭,山西总兵官,名臣名将,portrait_zhouyuji.png
tangtong,唐通,,达轩,密云总兵,名臣名将,portrait_tangtong.png
jiangxiang,姜瓖,,,镇朔将军,名臣名将,portrait_jiangxiang.png
songyihe,宋一鹤,,,代替方孔炤巡抚,名臣名将,portrait_songyihe.png
zuomaodi,左懋第,,仲及,陕西韩城知县,名臣名将,portrait_zuomaodi.png
xishangzhen,席上珍,,,户部主事,名臣名将,portrait_xishangzhen.png
zhangkejian,张克俭,,,河南巡抚,名臣名将,portrait_zhangkejian.png
zhangpu,张溥,,,南京工部尚书,名臣名将,portrait_zhangpu.png
xudaoxing,徐道兴,,,云南都司经历,名臣名将,portrait_xudaoxing.png
jiezhongxi,揭重熙,,,江西巡抚,名臣名将,portrait_jiezhongxi.png
zhutianlin,朱天麟,,,江西饶州府推官,名臣名将,portrait_zhutianlin.png
limengchen,李梦辰,,,通政使,名臣名将,portrait_limengchen.png
lizhenzuo,李贞佐,,,明军督师,名臣名将,portrait_lizhenzuo.png
yangguozhu,杨国柱,,,宣府总兵,名臣名将,portrait_yangguozhu.png
yangxuan-3,杨暄,,,的举人,名臣名将,portrait_yangxuan_3.png
maoyujian,毛羽健,,,四川万县知县,名臣名将,portrait_maoyujian.png
wangyangzheng,王养正,,,巡抚,名臣名将,portrait_wangyangzheng.png
wangpu,王朴,,,大同总兵,名臣名将,portrait_wangpu.png
wangzhang,王章,,,临邑知县,名臣名将,portrait_wangzhang.png
baiguangen,白广恩,,鲲波,蓟州总兵,名臣名将,portrait_baiguangen.png
zhangzhengchen,章正宸,,羽侯,给事中,名臣名将,portrait_zhangzhengchen.png
fanshutai,范淑泰,,,戊辰科进士,名臣名将,portrait_fanshutai.png
jinguangchen,金光辰,,,左佥都御史,名臣名将,portrait_jinguangchen.png
chentailai,陈泰来,,,诗人,名臣名将,portrait_chentailai.png
chenchunde,陈纯德,,静生,御史,名臣名将,portrait_chenchunde.png
leiyanzuo,雷𬙂祚,,,刑部主事,名臣名将,portrait_leiyanzuo.png
gaodai,高岱,,,刑部郎中,名臣名将,portrait_gaodai.png
weichengrun,魏呈润,,,中戊辰科进士,名臣名将,portrait_weichengrun.png
huangdegong,黄得功,,,靖国公,名臣名将,portrait_huangdegong.png
huanglong,黄龙,,,都督,名臣名将,portrait_huanglong.png
youshiwei,尤世威,,,左都督,名臣名将,portrait_youshiwei.png
gengruqi,耿如杞,,,山西巡抚,名臣名将,portrait_gengruqi.png
chenjitai,陈际泰,,,行人司行人,名臣名将,portrait_chenjitai.png
jikongjia,吉孔嘉,,,陕西承宣布政使,名臣名将,portrait_jikongjia.png
yangweizhi,杨畏知,,,秦王,名臣名将,portrait_yangweizhi.png
shenxun,沈迅,,,新城县知县,名臣名将,portrait_shenxun.png
mangui,满桂,,,辽东总兵官,名臣名将,portrait_mangui.png
baihuiyuan,白慧元,,,经历,名臣名将,portrait_baihuiyuan.png
xiawanchun,夏完淳,,存古,中书舍人,名臣名将,portrait_xiawanchun.png
yangtinglin,杨廷麟,,,编修,名臣名将,portrait_yangtinglin.png
wangsunlan,王孙兰,,,累迁四川成都府知府,名臣名将,portrait_wangsunlan.png
zhanzhaoheng,詹兆恒,,,少卿,名臣名将,portrait_zhanzhaoheng.png
gaomingheng,高名衡,,,如皋县知县,名臣名将,portrait_gaomingheng.png
qiuzude,丘祖德,,,山东巡抚,名臣名将,portrait_qiuzude.png
liuzhongzao,刘中藻,,,兵部尚书,名臣名将,portrait_liuzhongzao.png
wangjingliang,王景亮,,,加太仆少卿,名臣名将,portrait_wangjingliang.png
hefu-2,何复,,,遣副将军,名臣名将,portrait_hefu_2.png
liuzhibo,刘之勃,,,四川巡按御史,名臣名将,portrait_liuzhibo.png
zhutinghuan,朱廷焕,,,追赠右副都御史,名臣名将,portrait_zhutinghuan.png
suguansheng,苏观生,,,拜吏部侍郎兼东阁大学士,名臣名将,portrait_suguansheng.png
xuwenqi,许文岐,,,许文岐辅佐尚书,名臣名将,portrait_xuwenqi.png
xingguoxi,邢国玺,,,士,名臣名将,portrait_xingguoxi.png
caowenzhao,曹文诏,,,总兵官,名臣名将,portrait_caowenzhao.png
zukuan,祖宽,,,副总兵,名臣名将,portrait_zukuan.png
zhangluojun,张罗俊,,,举人,名臣名将,portrait_zhangluojun.png
yangwenjian,杨文荐,,,佥都御史,名臣名将,portrait_yangwenjian.png
wanghan,王汉,,,河南巡抚,名臣名将,portrait_wanghan.png
zhangkuang,章旷,,,次年巡抚,名臣名将,portrait_zhangkuang.png
chenqianfu,陈潜夫,,,监察御史,名臣名将,portrait_chenqianfu.png
caidaoxian,蔡道宪,,,长沙府推官,名臣名将,portrait_caidaoxian.png
liuguoneng,刘国能,,,民变领袖,名臣名将,portrait_liuguoneng.png
liwanqing,李万庆,,,副总兵,名臣名将,portrait_liwanqing.png
ruanzhidian,阮之钿,,,张献忠接受兵部尚书,名臣名将,portrait_ruanzhidian.png
fushangrui,傅上瑞,,,署知府,名臣名将,portrait_fushangrui.png
fudingquan,傅鼎铨,,,成进士,名臣名将,portrait_fudingquan.png
liuzhaoji,刘肇基,,,蓟辽总督,名臣名将,portrait_liuzhaoji.png
lixiangzhong,李向中,,,兵部尚书,名臣名将,portrait_lixiangzhong.png
caobianjiao,曹变蛟,,,总兵官,名臣名将,portrait_caobianjiao.png
wuerxun,吴尔埙,,,崇祯末科进士,名臣名将,portrait_wuerxun.png
wenhuang,温璜,,,知府,名臣名将,portrait_wenhuang.png
zhengweihong,郑为虹,,,福建浦城县知县,名臣名将,portrait_zhengweihong.png
yanyinshao,颜胤绍,,,河间府知府,名臣名将,portrait_yanyinshao.png
wanglijing,王励精,,,广西通判,名臣名将,portrait_wanglijing.png
zudashou,祖大寿,,,辽东总兵官,名臣名将,portrait_zudashou.png
yansheng,严升,,,副都御史,名臣名将,portrait_yansheng.png
yande,严德,,,天水郡公,名臣名将,portrait_yande.png
wuyun,伍云,,,卫指挥使,名臣名将,portrait_wuyun.png
nimengxian,倪孟贤,,,知县,名臣名将,portrait_nimengxian.png
fuzuolin,傅作霖,,润生,兵部尚书,名臣名将,portrait_fuzuolin.png
fengjian,冯坚,,,左佥都御史,名臣名将,portrait_fengjian.png
lingyun,凌云,,,针灸学家,名臣名将,portrait_lingyun.png
liurenben,刘仁本,,,元朝进士,名臣名将,portrait_liurenben.png
liuguangxian,刘光先,,,中式举人,名臣名将,portrait_liuguangxian.png
liuzifu,刘子辅,,,广东按察使,名臣名将,portrait_liuzifu.png
liuning,刘宁,,,左参将,名臣名将,portrait_liuning.png
liumin,刘敏,,,工部侍郎,名臣名将,portrait_liumin.png
liuliangzuo,刘良佐,,明辅,广昌伯,名臣名将,portrait_liuliangzuo.png
luxi,卢熙,,,御史,名臣名将,portrait_luxi.png
yedui,叶兑,,,布衣,名臣名将,portrait_yedui.png
yechunji,叶春及,,,户部郎中,名臣名将,portrait_yechunji.png
yeqi,叶淇,,本清,户部尚书,名臣名将,portrait_yeqi.png
lvfu,吕复,,,临海的教谕,名臣名将,portrait_lvfu.png
wufu,吴复,,,安陆侯,名臣名将,portrait_wufu.png
wulv,吴履,,,安化知县,名臣名将,portrait_wulv.png
wulvzhong,吴履中,,,署尚书,名臣名将,portrait_wulvzhong.png
wuyingji,吴应箕,,,池州推官,名臣名将,portrait_wuyingji.png
wucheng,吴成,,,辽东都指挥使,名臣名将,portrait_wucheng.png
wuchen,吴沉,,浚仲,东阁大学士,名臣名将,portrait_wuchen.png
wuzhen,吴祯,,,靖海侯,名臣名将,portrait_wuzhen.png
zhounan,周南,,,都察院右都御史,名臣名将,portrait_zhounan.png
zhoujin,周缙,,,永清典史,名臣名将,portrait_zhoujin.png
zhouxian,周贤,,,都督,名臣名将,portrait_zhouxian.png
yushi,喻时,,,巡抚,名臣名将,portrait_yushi.png
sunhu,孙虎,,,康安郡伯,名臣名将,portrait_sunhu.png
songxi,宋僖,,,繁昌教谕,名臣名将,portrait_songxi.png
songsiyan,宋思颜,,,设大都督,名臣名将,portrait_songsiyan.png
shangjiong,尚䌹,,,士,名臣名将,portrait_shangjiong.png
jisizhibian,己巳之变,,,蓟州镇巡抚,名臣名将,portrait_jisizhibian.png
zhangzhixiang,张之象,,,顺天通判,名臣名将,portrait_zhangzhixiang.png
zhangrenxue,张任学,,,总兵,名臣名将,portrait_zhangrenxue.png
zhanglun,张伦,,,河北诸卫指挥使,名臣名将,portrait_zhanglun.png
zhangshicheng,张士诚,,,元朝太师兼右丞相,名臣名将,portrait_zhangshicheng.png
zhangxian,张宪,,,士,名臣名将,portrait_zhangxian.png
zhangyanfang,张彦方,,,乐平知县,名臣名将,portrait_zhangyanfang.png
zhangwen,张温,,,会宁侯,名臣名将,portrait_zhangwen.png
zhangyi-2,张翼,,,鹤庆侯,名臣名将,portrait_zhangyi_2.png
penglun,彭伦,,,都督,名臣名将,portrait_penglun.png
xuzongshi,徐宗实,,,苏州通判,名臣名将,portrait_xuzongshi.png
fangguozhen,方国珍,,,民变领袖,名臣名将,portrait_fangguozhen.png
fangying,方瑛,,,南和伯,名臣名将,portrait_fangying.png
shiju,施聚,,,怀柔伯,名臣名将,portrait_shiju.png
yanduo,晏铎,,,福建道监察御史,名臣名将,portrait_yanduo.png
zhujihuang,朱集璜,,,参将,名臣名将,portrait_zhujihuang.png
liren-2,李仁,,,吏部尚书,名臣名将,portrait_liren_2.png
lijie,李介,,,山东承宣布政使,名臣名将,portrait_lijie.png
lishilu,李仕鲁,,耿光,大理寺卿,名臣名将,portrait_lishilu.png
licai,李材,,,江西承宣布政使,名臣名将,portrait_licai.png
liwen,李汶,,,兵部尚书,名臣名将,portrait_liwen.png
lijingbai,李精白,,,山东巡抚,名臣名将,portrait_lijingbai.png
lihong,李𬭎,,,充参将,名臣名将,portrait_lihong.png
yangsong,杨松,,,山阳知县,名臣名将,portrait_yangsong.png
liangyin,梁寅,,,宦官,名臣名将,portrait_liangyin.png
maosheng,毛胜,,,北平承宣布政使,名臣名将,portrait_maosheng.png
yongan,永安,,,永安千户,名臣名将,portrait_yongan.png
shenjin,沈溍,,,士,名臣名将,portrait_shenjin.png
tufei,涂棐,,,江西承宣布政使,名臣名将,portrait_tufei.png
tengyi,滕毅,,,吏部尚书,名臣名将,portrait_tengyi.png
panyin,潘禋,,,浙江承宣布政使,名臣名将,portrait_panyin.png
niujingxian,牛景先,,,监察御史,名臣名将,portrait_niujingxian.png
wangyehao,王业浩,,士完,兵部尚书,名臣名将,portrait_wangyehao.png
wangyou,王友,,,清远伯,名臣名将,portrait_wangyou.png
wangyi,王彝,,,昆山州儒学教授,名臣名将,portrait_wangyi.png
wangkai,王恺,,,江宁县知县,名臣名将,portrait_wangkai.png
wangjiao,王教,,,常州府知府,名臣名将,portrait_wangjiao.png
wangnayan,王纳言,,,员外郎,名臣名将,portrait_wangnayan.png
wangguan,王观,,,苏州知府,名臣名将,portrait_wangguan.png
wangxijue,王锡爵,,,吏部尚书,名臣名将,portrait_wangxijue.png
wangwei-4,王𬀩,,,总督,名臣名将,portrait_wangwei_4.png
tianergeng,田尔耕,,,左都督,名臣名将,portrait_tianergeng.png
shenliang,申良,,,山西承宣布政使,名臣名将,portrait_shenliang.png
qinconglong,秦从龙,,,江南行台侍御史,名臣名将,portrait_qinconglong.png
moudaheng,缪大亨,,,缪将军,名臣名将,portrait_moudaheng.png
dishan,翟善,,,尚书,名臣名将,portrait_dishan.png
gengzaicheng,耿再成,,德甫,高阳郡公,名臣名将,portrait_gengzaicheng.png
hudahai,胡大海,,,越国公,名臣名将,portrait_hudahai.png
hurulin,胡汝霖,,,甘肃巡抚,名臣名将,portrait_hurulin.png
hushen,胡深,,,缙云郡伯,名臣名将,portrait_hushen.png
suboheng,苏伯衡,,,学正,名臣名将,portrait_suboheng.png
suzhang,苏章,,,贬姚安通判,名臣名将,portrait_suzhang.png
maocheng-2,茅成,,,东海郡公,名臣名将,portrait_maocheng_2.png
yuankai-2,袁恺,,,士,名臣名将,portrait_yuankai_2.png
xudingguo,许定国,,肤公,总兵,名臣名将,portrait_xudingguo.png
xugui,许贵,,,都督,名臣名将,portrait_xugui.png
xieyingfang,谢应芳,,,常州府学教授,名臣名将,portrait_xieyingfang.png
tanyizhao,谭一召,,,东莞县知县,名臣名将,portrait_tanyizhao.png
tanyuan,谭渊,,,崇安侯,名臣名将,portrait_tanyuan.png
zhaoguozhong,赵国忠,,,都督,名臣名将,portrait_zhaoguozhong.png
zhaojitong,赵季通,,,龙溪知县,名臣名将,portrait_zhaojitong.png
zhenghua,郑华,,,士,名臣名将,portrait_zhenghua.png
zhengshili,郑士利,,,翰林院编修,名臣名将,portrait_zhengshili.png
zhengjuzhen,郑居贞,,,巩昌通判,名臣名将,portrait_zhengjuzhen.png
yanmaoqing,鄢懋卿,,,刑部右侍郎,名臣名将,portrait_yanmaoqing.png
jinxingwang,金兴旺,,,指挥使,名臣名将,portrait_jinxingwang.png
chenkai,陈垲,,,山东章丘县知县,名臣名将,portrait_chenkai.png
chenfu,陈复,,,福建承宣布政使,名臣名将,portrait_chenfu.png
chenzhong,陈忠,,,都指挥同知,名臣名将,portrait_chenzhong.png
chenchaofu,陈朝辅,,平若、苇庵,太仆寺少卿,名臣名将,portrait_chenchaofu.png
hanguan,韩观,,,广西都指挥使,名臣名将,portrait_hanguan.png
gaojie,高杰,,英吾,兴平伯,名臣名将,portrait_gaojie.png
gaoxianning,高贤宁,,,当参政,名臣名将,portrait_gaoxianning.png
gaoji,高𪟝,,,天兴府乡试的举人,名臣名将,portrait_gaoji.png
huangkui,黄魁,,,江西承宣布政使,名臣名将,portrait_huangkui.png
zhaofang,赵汸,,,经学家,文苑,portrait_zhaofang.png
gaobing,高棅,,彦恢,文学评论家,文苑,portrait_gaobing.png
zhaojie,赵介,,,诗人,文苑,portrait_zhaojie.png
shenzhou,沈周,,,吴门画派创始人,文苑,portrait_shenzhou.png
tangyin,唐寅,,伯虎,书画家,文苑,portrait_tangyin.png
xiezhen,谢榛,,茂秦,诗人,文苑,portrait_xiezhen.png
huangshengceng,黄省曾,,,农学家,文苑,portrait_huangshengceng.png
yuyunwen,俞允文,,,书法家,文苑,portrait_yuyunwen.png
shenmingchen,沈明臣,,,诗人,文苑,portrait_shenmingchen.png
wangzhideng,王穉登,,百谷、伯谷、伯固,书画家,文苑,portrait_wangzhideng.png
zhangfengyi,张凤翼,,伯起,戏曲家,文苑,portrait_zhangfengyi.png
xufuzuo,徐复祚,,,戏曲家,文苑,portrait_xufuzuo.png
huyinglin,胡应麟,,,文献学家,文苑,portrait_huyinglin.png
tanyuanchun,谭元春,,友夏,文学家,文苑,portrait_tanyuanchun.png
loujian,娄坚,,,诗文家,文苑,portrait_loujian.png
tangshisheng,唐时升,,,诗人,文苑,portrait_tangshisheng.png
huangchunyao,黄淳耀,,,古文家,文苑,portrait_huangchunyao.png
wangchong,王宠,,,书画家,文苑,portrait_wangchong.png
wangzhenqing,王贞庆,,,诗人,文苑,portrait_wangzhenqing.png
chengjiasui,程嘉燧,,,画家,文苑,portrait_chengjiasui.png
zhushuang,朱樉,,,秦王,宗藩,portrait_zhushuang.png
zhugang,朱棡,,,晋王,宗藩,portrait_zhugang.png
zhusu,朱橚,,,定,宗藩,portrait_zhusu.png
zhufu,朱榑,,,齐恭王,宗藩,portrait_zhufu.png
guozixing,郭子兴,,,滁阳王,宗藩,portrait_guozixing.png
zhuzi,朱梓,,,潭王,宗藩,portrait_zhuzi.png
zhutan,朱檀,,,鲁王,宗藩,portrait_zhutan.png
zhubai,朱柏,,,戾,宗藩,portrait_zhubai.png
zhugui,朱桂,,,代王,宗藩,portrait_zhugui.png
zhuyang,朱楧,,,汉王,宗藩,portrait_zhuyang.png
zhuzhi,朱植,,,卫王,宗藩,portrait_zhuzhi.png
zhuquan,朱权,,,宁王,宗藩,portrait_zhuquan.png
zhuyoudun,朱有燉,,,周定王,宗藩,portrait_zhuyoudun.png
zhupian,朱楩,,,岷王,宗藩,portrait_zhupian.png
zhuhui,朱橞,,,谷王,宗藩,portrait_zhuhui.png
zhushangbing,朱尚炳,,,秦王,宗藩,portrait_zhushangbing.png
zhusong,朱松,,,韩宪王,宗藩,portrait_zhusong.png
zhumo,朱模,,,沈王,宗藩,portrait_zhumo.png
zhugaoxu,朱高煦,,,汉王,宗藩,portrait_zhugaoxu.png
zhumengwan,朱孟烷,,,楚世子,宗藩,portrait_zhumengwan.png
zhuying,朱楹,,,惠,宗藩,portrait_zhuying.png
zhugaosui,朱高燧,,,赵王,宗藩,portrait_zhugaosui.png
zhujing,朱桱,,,定,宗藩,portrait_zhujing.png
zhuyueyao,朱悦燿,,,悼隐,宗藩,portrait_zhuyueyao.png
zhuzhanjun,朱瞻埈,,,郑王,宗藩,portrait_zhuzhanjun.png
zhuzhangang,朱瞻堈,,,荆宪王,宗藩,portrait_zhuzhangang.png
zhuzhanshan,朱瞻墡,,,襄宪王,宗藩,portrait_zhuzhanshan.png
zhuzhanao,朱瞻墺,,,淮王,宗藩,portrait_zhuzhanao.png
zhuzhanji2,朱瞻垍,,,庄,宗藩,portrait_zhuzhanji2.png
zhuzhanshan2,朱瞻埏,,,卫王,宗藩,portrait_zhuzhanshan2.png
zhujianlin,朱见潾,,,荣王,宗藩,portrait_zhujianlin.png
zhujianshu,朱见澍,,,秀怀王,宗藩,portrait_zhujianshu.png
zhuzhifan,朱寘鐇,,,安化王,宗藩,portrait_zhuzhifan.png
zhujianze,朱见泽,,,简,宗藩,portrait_zhujianze.png
zhujianjun,朱见浚,,,简,宗藩,portrait_zhujianjun.png
zhujianpei,朱见沛,,,徽王,宗藩,portrait_zhujianpei.png
zhuyouhui,朱佑楎,,,衡王,宗藩,portrait_zhuyouhui.png
zhuchenhao,朱宸濠,,,上高王,宗藩,portrait_zhuchenhao.png
zhuyoubin,朱佑槟,,,益王,宗藩,portrait_zhuyoubin.png
zhudianyang,朱典楧,,,镇国将军,宗藩,portrait_zhudianyang.png
zhuhouwan,朱厚烷,,,恭,宗藩,portrait_zhuhouwan.png
zhutianjiao,朱恬烄,,,宣,宗藩,portrait_zhutianjiao.png
zhuzailun,朱载埨,,,辅城王,宗藩,portrait_zhuzailun.png
zhuzaizhen,朱载圳,,,景王,宗藩,portrait_zhuzaizhen.png
zhuhuabi,朱华壁,,,楚贞王,宗藩,portrait_zhuhuabi.png
zhuyiliu,朱翊镠,,,潞王,宗藩,portrait_zhuyiliu.png
zhuhuakui,朱华奎,,,楚王,宗藩,portrait_zhuhuakui.png
zhushuya,朱术雅,,,长阳王,宗藩,portrait_zhushuya.png
zhuzhishu,朱至澍,,,蜀世子,宗藩,portrait_zhuzhishu.png
zhuyiming,朱翊铭,,,忠,宗藩,portrait_zhuyiming.png
zhuchangxun,朱常洵,,,福王,宗藩,portrait_zhuchangxun.png
zhuchanghao,朱常浩,,,瑞王,宗藩,portrait_zhuchanghao.png
zhucunshu,朱存枢,,,秦王,宗藩,portrait_zhucunshu.png
zhuyoukui,朱由樻,,,崇愍王,宗藩,portrait_zhuyoukui.png
zhuyouji,朱由楫,,,齐思王,宗藩,portrait_zhuyouji.png
zhuyoumo,朱由模,,,怀惠王,宗藩,portrait_zhuyoumo.png
zhuyouyan,朱由棪,,系孙,赵王,宗藩,portrait_zhuyouyan.png
zhushugui,朱术桂,,天球,长阳王,宗藩,portrait_zhushugui.png
zhuhengjia,朱亨嘉,,,靖江王,宗藩,portrait_zhuhengjia.png
zhuyipai,朱以派,,衍宗,鲁王,宗藩,portrait_zhuyipai.png
zhuchangying,朱常瀛,,,桂王,宗藩,portrait_zhuchangying.png
zhucijiong,朱慈炯,,,定王,宗藩,portrait_zhucijiong.png
daohuaiwang,悼怀王,,,悼怀王,宗藩,portrait_daohuaiwang.png
zhushenxuan,朱审烜,,,晋王,宗藩,portrait_zhushenxuan.png
zhumiqian,朱弥钳,,,文城王,宗藩,portrait_zhumiqian.png
zhugongxiao,朱恭枵,,,周世子,宗藩,portrait_zhugongxiao.png
zhudong,朱栋,,,郢靖王,宗藩,portrait_zhudong.png
zhuyouxu,朱由栩,,,湘怀王,宗藩,portrait_zhuyouxu.png
zhuyouzhen,朱由桢,,,荣王,宗藩,portrait_zhuyouzhen.png
zhuyouzhan,朱由橏,,,慧昭王,宗藩,portrait_zhuyouzhan.png
zhushihong,朱识鋐,,,肃王,宗藩,portrait_zhushihong.png
wangzhen,王振,,,司礼监太监,宦官,portrait_wangzhen.png
liujin,刘瑾,,,司礼监太监,宦官,portrait_liujin.png
gaofeng,高凤,,,司礼监太监,宦官,portrait_gaofeng.png
gudayong,谷大用,,,司礼监太监,宦官,portrait_gudayong.png
weizhongxian,魏忠贤,,,司礼监太监,宦官,portrait_weizhongxian.png
fengbao,冯保,,,司礼监太监,宦官,portrait_fengbao.png
caohuachun,曹化淳,,,司礼监太监,宦官,portrait_caohuachun.png
fangzhenghua,方正化,,,司礼监太监,宦官,portrait_fangzhenghua.png
mahuanghou,马皇后,,,皇后,后妃,portrait_mahuanghou.png
xuhuanghou,徐皇后,,,皇后,后妃,portrait_xuhuanghou.png
lishufei,李淑妃,,,淑妃,后妃,portrait_lishufei.png
wuxianfei,吴贤妃,,,贤妃,后妃,portrait_wuxianfei.png
sunhuanghou,孙皇后,,,皇后,后妃,portrait_sunhuanghou.png
wangguifei,王贵妃,,,贵妃,后妃,portrait_wangguifei.png
wanguifei,万贵妃,,,贵妃,后妃,portrait_wanguifei.png
hanghuanghou,杭皇后,,,皇后,后妃,portrait_hanghuanghou.png
jishufei,纪淑妃,,,淑妃,后妃,portrait_jishufei.png
xiaomujitaihou,孝穆纪太后,,,皇妃,后妃,portrait_xiaomujitaihou.png
fanghuanghou,方皇后,,,皇后,后妃,portrait_fanghuanghou.png
zhengguifei,郑贵妃,,,贵妃,后妃,portrait_zhengguifei.png
lixuanshi,李选侍,,,选侍,后妃,portrait_lixuanshi.png
keshi,客氏,,,奉圣夫人,后妃,portrait_keshi.png
zhangyufei,张裕妃,,,裕妃,后妃,portrait_zhangyufei.png
tianguifei,田贵妃,,,贵妃,后妃,portrait_tianguifei.png
nankanggongzhu,南康公主,,,南康公主,公主,portrait_nankanggongzhu.png
hanshangongzhu,含山公主,,,含山公主,公主,portrait_hanshangongzhu.png
daminggongzhu,大名公主,,,大名公主,公主,portrait_daminggongzhu.png
ningguogongzhu,宁国公主,,,宁国公主,公主,portrait_ningguogongzhu.png
anqinggongzhu,安庆公主,,,安庆公主,公主,portrait_anqinggongzhu.png
shouchungongzhu,寿春公主,,,寿春公主,公主,portrait_shouchungongzhu.png
qingyanggongzhu,庆阳公主,,,庆阳公主,公主,portrait_qingyanggongzhu.png
yongangongzhu,永安公主,,,永安公主,公主,portrait_yongangongzhu.png
runinggongzhu,汝宁公主,,,汝宁公主,公主,portrait_runinggongzhu.png
fuqinggongzhu,福清公主,,,福清公主,公主,portrait_fuqinggongzhu.png
huaiqinggongzhu,怀庆公主,,,怀庆公主,公主,portrait_huaiqinggongzhu.png
xianninggongzhu,咸宁公主,,,咸宁公主,公主,portrait_xianninggongzhu.png
baoqinggongzhu,宝庆公主,,,宝庆公主,公主,portrait_baoqinggongzhu.png
changninggongzhu,常宁公主,,,常宁公主,公主,portrait_changninggongzhu.png
yongpinggongzhu,永平公主,,,永平公主,公主,portrait_yongpinggongzhu.png
jiaxinggongzhu,嘉兴公主,,,嘉兴公主,公主,portrait_jiaxinggongzhu.png
anchenggongzhu,安成公主,,,安成公主,公主,portrait_anchenggongzhu.png
changdegongzhu,常德公主,,,常德公主,公主,portrait_changdegongzhu.png
shundegongzhu,顺德公主,,,顺德公主,公主,portrait_shundegongzhu.png
chunangongzhu,淳安公主,,,淳安公主,公主,portrait_chunangongzhu.png
chongqinggongzhu,重庆公主,,,重庆公主,公主,portrait_chongqinggongzhu.png
jiashangongzhu,嘉善公主,,,嘉善公主,公主,portrait_jiashangongzhu.png
jiaxianggongzhu,嘉祥公主,,,嘉祥公主,公主,portrait_jiaxianggongzhu.png
guangongzhu,固安公主,,,固安公主,公主,portrait_guangongzhu.png
yixinggongzhu,宜兴公主,,,宜兴公主,公主,portrait_yixinggongzhu.png
chongdegongzhu,崇德公主,,,崇德公主,公主,portrait_chongdegongzhu.png
guangdegongzhu,广德公主,,,广德公主,公主,portrait_guangdegongzhu.png
renhegongzhu,仁和公主,,,仁和公主,公主,portrait_renhegongzhu.png
deqinggongzhu,德清公主,,,德清公主,公主,portrait_deqinggongzhu.png
yongkanggongzhu,永康公主,,,永康公主,公主,portrait_yongkanggongzhu.png
yongfugongzhu,永福公主,,,永福公主,公主,portrait_yongfugongzhu.png
longqinggongzhu,隆庆公主,,,隆庆公主,公主,portrait_longqinggongzhu.png
yanqinggongzhu,延庆公主,,,延庆公主,公主,portrait_yanqinggongzhu.png
yongninggongzhu,永宁公主,,,永宁公主,公主,portrait_yongninggongzhu.png
ruiangongzhu,瑞安公主,,,瑞安公主,公主,portrait_ruiangongzhu.png
rongchanggongzhu,荣昌公主,,,荣昌公主,公主,portrait_rongchanggongzhu.png
suipinggongzhu,遂平公主,,,遂平公主,公主,portrait_suipinggongzhu.png
leangongzhu,乐安公主,朱徽娖,,乐安公主,公主,portrait_leangongzhu.png
shouninggongzhu,寿宁公主,朱轩媁,,寿宁公主,公主,portrait_shouninggongzhu.png
deangongzhu,德安公主,,,德安公主,公主,portrait_deangongzhu.png
yongchungongzhu,永淳公主,,,永淳公主,公主,portrait_yongchungongzhu.png
ruyanggongzhu,汝阳公主,,,汝阳公主,公主,portrait_ruyanggongzhu.png
fuchenggongzhu,福成公主,,,福成公主,公主,portrait_fuchenggongzhu.png
zhangpinggongzhu,长平公主,,,长平公主,公主,portrait_zhangpinggongzhu.png
